day,total_mcap,btc_d,usdt_mcap,usdt_d
2020-08-01 00:00:00+00:00,336164467809.56,62.2885,10778488967.0,3.2063141703322744
2020-08-02 00:00:00+00:00,353064238860.0,61.5078,10941249519.0,3.0989401686015885
2020-08-03 00:00:00+00:00,333882055719.94,61.0044,11062349222.0,3.3132506022662955
2020-08-04 00:00:00+00:00,343012862913.12,60.4838,11118634671.0,3.2414628934239658
2020-08-05 00:00:00+00:00,343073470927.81,60.2936,11182209135.0,3.2594211102242228
2020-08-06 00:00:00+00:00,355796884138.52,61.0019,11252929576.0,3.1627397758826272
2020-08-07 00:00:00+00:00,356551104258.56,60.9511,11334228794.0,3.1788511264238752
2020-08-08 00:00:00+00:00,350215991454.09,61.1393,11495140100.0,3.282300174892757
2020-08-09 00:00:00+00:00,358447921936.55,60.558,11578515769.0,3.2301807488368
2020-08-10 00:00:00+00:00,357297704990.78,60.3636,11650317902.0,3.2606752686252585
2020-08-11 00:00:00+00:00,364207711950.89,60.2664,11698790362.0,3.2121204406504913
2020-08-12 00:00:00+00:00,348972550558.98,60.294,11858746978.0,3.3981890435235673
2020-08-13 00:00:00+00:00,358006269803.14,59.7278,11896892578.0,3.3230961526293514
2020-08-14 00:00:00+00:00,369417711004.01,58.9955,12000642229.0,3.248529204618924
2020-08-15 00:00:00+00:00,370156171458.71,58.707,12238797983.0,3.3063876619345267
2020-08-16 00:00:00+00:00,372982747508.72,58.7265,12215059078.0,3.274966244307164
2020-08-17 00:00:00+00:00,376535095494.19,58.3722,12248808991.0,3.2530324895542173
2020-08-18 00:00:00+00:00,383377492060.84,59.0938,12392582270.0,3.2324751782854695
2020-08-19 00:00:00+00:00,374964554228.23,59.0068,12603054668.0,3.3611322792737597
2020-08-20 00:00:00+00:00,365420906813.08,59.3795,12605339230.0,3.4495396938106446
2020-08-21 00:00:00+00:00,372862154031.1,58.8368,12660117157.0,3.395388086489474
2020-08-22 00:00:00+00:00,358605318729.22,59.6121,12762557154.0,3.5589425163091084
2020-08-23 00:00:00+00:00,364684962617.6,59.1269,12812234222.0,3.513233485153213
2020-08-24 00:00:00+00:00,363519561203.83,59.2354,12830042987.0,3.5293954868651576
2020-08-25 00:00:00+00:00,369526870847.28,58.8479,12895083176.0,3.4896198878401314
2020-08-26 00:00:00+00:00,354049798580.44,59.2271,12865507394.0,3.633812939757106
2020-08-27 00:00:00+00:00,359336226125.74,59.0225,12858452039.0,3.5783901271620002
2020-08-28 00:00:00+00:00,352749467573.2,59.336,13028548270.0,3.693428188462513
2020-08-29 00:00:00+00:00,361736022917.49,58.9599,13129348617.0,3.62953860970455
2020-08-30 00:00:00+00:00,363413622317.6,58.423,13302097288.0,3.6603188408757084
2020-08-31 00:00:00+00:00,373760804695.97,57.8802,13324009301.0,3.564849265518414
2020-09-01 00:00:00+00:00,377429479714.17,57.1796,12620037988.0,3.343681049386297
2020-09-02 00:00:00+00:00,390803527915.99,56.5229,12740037988.0,3.2599598207155114
2020-09-03 00:00:00+00:00,375587086048.11,56.0866,12990037988.0,3.4585954817243287
2020-09-04 00:00:00+00:00,334122390605.8,56.5458,12990037988.0,3.8878082861934686
2020-09-05 00:00:00+00:00,342425218920.61,56.7373,13140037988.0,3.8373452835687516
2020-09-06 00:00:00+00:00,321664616571.63,58.4959,13140037988.0,4.085011938226009
2020-09-07 00:00:00+00:00,330496789159.04,57.4773,13140037988.0,3.9758443709650737
2020-09-08 00:00:00+00:00,332018032720.92,57.7817,13390010012.0,4.032916496211838
2020-09-09 00:00:00+00:00,323532314808.98,57.8769,13388751547.0,4.138304254060368
2020-09-10 00:00:00+00:00,330559114017.34,57.3134,13638751547.0,4.1259644549641905
2020-09-11 00:00:00+00:00,336184918587.58,56.7896,13638660241.0,4.0568923490977395
2020-09-12 00:00:00+00:00,339832899537.44,56.6818,13637497824.0,4.01300104921052
2020-09-13 00:00:00+00:00,344614053270.44,56.0781,13637497824.0,3.957324924673867
2020-09-14 00:00:00+00:00,337006816516.43,56.6702,13887497824.0,4.120835883247764
2020-09-15 00:00:00+00:00,347071719896.29,56.9591,12880500640.0,3.7111927885823937
2020-09-16 00:00:00+00:00,344781485880.53,57.8962,13880500640.0,4.0258834097634
2020-09-17 00:00:00+00:00,347965535929.32,58.3034,14130500640.0,4.060890858705685
2020-09-18 00:00:00+00:00,351598855637.39,57.6275,14280500640.0,4.06158905554793
2020-09-19 00:00:00+00:00,350895477289.46,57.7011,14280500640.0,4.06973060761902
2020-09-20 00:00:00+00:00,354137607350.84,57.8943,14430500640.0,4.074828637361824
2020-09-21 00:00:00+00:00,347033217718.37,58.2788,14430492515.0,4.158245314346497
2020-09-22 00:00:00+00:00,327731497589.63,58.9081,14430472567.0,4.40313875020617
2020-09-23 00:00:00+00:00,332027368586.14,58.728,14430472567.0,4.3461696029603685
2020-09-24 00:00:00+00:00,318976234710.22,59.2733,14430472567.0,4.523996146643851
2020-09-25 00:00:00+00:00,337981088523.23,58.8523,14430472567.0,4.269609471361937
2020-09-26 00:00:00+00:00,339757512440.31,58.2777,14430472567.0,4.247285796082347
2020-09-27 00:00:00+00:00,341673718633.88,58.1757,14430472567.0,4.223465774510727
2020-09-28 00:00:00+00:00,344251832740.74,58.2177,14430472567.0,4.1918360904901135
2020-09-29 00:00:00+00:00,340861714277.42,58.1388,14430472567.0,4.2335269590457285
2020-09-30 00:00:00+00:00,345412564397.67,58.1376,14430472567.0,4.177749756197734
2020-10-01 00:00:00+00:00,344524134993.74,57.9912,14429839175.0,4.1883391348656
2020-10-02 00:00:00+00:00,338747511469.35,58.0297,14579839175.0,4.3040431830062875
2020-10-03 00:00:00+00:00,335281202262.36,58.427,14579775579.0,4.348521623228736
2020-10-04 00:00:00+00:00,335000601208.81,58.3396,14579775579.0,4.352164004001965
2020-10-05 00:00:00+00:00,339534475425.58,58.254,14579775579.0,4.294048656097554
2020-10-06 00:00:00+00:00,342175344403.82,58.4263,14579775579.0,4.260907694679954
2020-10-07 00:00:00+00:00,333624112364.85,58.9511,14579775579.0,4.370120455518999
2020-10-08 00:00:00+00:00,335851867860.45,58.8731,14579767123.0,4.341130277428753
2020-10-09 00:00:00+00:00,343540317957.84,58.9279,14729767123.0,4.287638554496438
2020-10-10 00:00:00+00:00,350453038073.5,58.5205,14729767123.0,4.203064468772203
2020-10-11 00:00:00+00:00,357912892945.41,58.4273,14729767123.0,4.115461446997002
2020-10-12 00:00:00+00:00,360699683538.96,58.4338,14729767123.0,4.083665108458296
2020-10-13 00:00:00+00:00,365679314190.56,58.5069,14729767123.0,4.028055881587039
2020-10-14 00:00:00+00:00,361984974231.78,58.4469,14729767123.0,4.069165344296442
2020-10-15 00:00:00+00:00,360732167029.59,58.6674,14729767123.0,4.08329737940774
2020-10-16 00:00:00+00:00,362557610974.42,58.7123,14729767123.0,4.062738355819332
2020-10-17 00:00:00+00:00,355188138511.74,59.0335,14729767123.0,4.147032382533557
2020-10-18 00:00:00+00:00,356531115436.62,58.9983,14729767123.0,4.131411393073345
2020-10-19 00:00:00+00:00,361126871930.7,58.8907,14729767123.0,4.078834411920094
2020-10-20 00:00:00+00:00,365537367571.53,59.4954,14879767123.0,4.0706555452468915
2020-10-21 00:00:00+00:00,364646583208.62,60.5288,15179767123.0,4.162871070785659
2020-10-22 00:00:00+00:00,387217676543.42,61.3409,15179767123.0,3.9202154350249154
2020-10-23 00:00:00+00:00,394720890092.92,60.8464,15329767123.0,3.8836979515807406
2020-10-24 00:00:00+00:00,392938880651.47,60.9574,15329767123.0,3.901310834291616
2020-10-25 00:00:00+00:00,398069341441.43,61.0169,15329767123.0,3.8510293376249747
2020-10-26 00:00:00+00:00,395020775608.59,61.1,15329767123.0,3.8807495882671352
2020-10-27 00:00:00+00:00,393177378815.86,61.6061,15479767123.0,3.937095050997267
2020-10-28 00:00:00+00:00,405831302119.0,62.295,15479767123.0,3.8143354251321258
2020-10-29 00:00:00+00:00,394477096476.48,62.3436,15629767123.0,3.9621481861956207
2020-10-30 00:00:00+00:00,395724541581.12,62.9539,15629767123.0,3.9496582801135265
2020-10-31 00:00:00+00:00,395999585957.65,63.4478,15779767123.0,3.9847938438722403
2020-11-01 00:00:00+00:00,401102887541.66,63.6621,15774190425.0,3.932704279861769
2020-11-02 00:00:00+00:00,401824507173.2,63.2843,15774190425.0,3.925641702635322
2020-11-03 00:00:00+00:00,394576942039.75,63.6662,15774190425.0,3.997747649281264
2020-11-04 00:00:00+00:00,401023565313.12,64.3727,15924190425.0,3.9708864521630693
2020-11-05 00:00:00+00:00,406544594779.04,64.4165,15924190425.0,3.9169603112433253
2020-11-06 00:00:00+00:00,437549654410.55,65.9389,16224180913.0,3.7079633704331436
2020-11-07 00:00:00+00:00,447416537279.64,64.4549,16372592157.0,3.659362315158896
2020-11-08 00:00:00+00:00,428851811023.74,64.158,16372592157.0,3.8177738174676055
2020-11-09 00:00:00+00:00,446246872494.5,64.3205,16372592157.0,3.668953928008043
2020-11-10 00:00:00+00:00,441394336668.18,64.4062,16372592157.0,3.709289131479764
2020-11-11 00:00:00+00:00,442807777253.78,64.0134,16522592157.0,3.7313238397641433
2020-11-12 00:00:00+00:00,451901023061.24,64.3935,16672592157.0,3.6894344792710485
2020-11-13 00:00:00+00:00,461951179267.05,65.3298,16872592157.0,3.652462189569625
2020-11-14 00:00:00+00:00,467536036680.91,64.6868,16867724989.0,3.607791414057801
2020-11-15 00:00:00+00:00,460717550683.66,64.6717,16867724989.0,3.6611856795926134
2020-11-16 00:00:00+00:00,455640762342.77,64.9335,16867724989.0,3.7019789235430007
2020-11-17 00:00:00+00:00,474483337309.75,65.29,17017724989.0,3.586580107425473
2020-11-18 00:00:00+00:00,498409255225.89,65.7098,17017724989.0,3.414407900849914
2020-11-19 00:00:00+00:00,499383676173.62,66.1432,17017724989.0,3.4077455473501446
2020-11-20 00:00:00+00:00,499329478518.06,66.1407,17217724989.0,3.4481691407644908
2020-11-21 00:00:00+00:00,523496257846.75,65.9898,17587724989.0,3.3596658477258283
2020-11-22 00:00:00+00:00,541419963033.64,63.866,17587724989.0,3.2484441265249804
2020-11-23 00:00:00+00:00,534708757258.93,63.7842,17587724989.0,3.289215811455887
2020-11-24 00:00:00+00:00,554170017481.06,61.4529,17787724989.0,3.2097956273153905
2020-11-25 00:00:00+00:00,576480056951.06,61.4507,17987724989.0,3.1202683895320003
2020-11-26 00:00:00+00:00,559593841229.0,62.1665,17987724989.0,3.214425117598635
2020-11-27 00:00:00+00:00,508923217353.29,62.4431,17987724989.0,3.5344673568926765
2020-11-28 00:00:00+00:00,510351295856.8,62.1696,17987724989.0,3.52457711678804
2020-11-29 00:00:00+00:00,530913238735.19,61.9218,17987724989.0,3.3880724149679673
2020-11-30 00:00:00+00:00,544589320351.08,61.918,17987724989.0,3.3029889343779026
2020-12-01 00:00:00+00:00,584024794487.98,62.4505,18387724989.0,3.148449374503131
2020-12-02 00:00:00+00:00,559470038896.67,62.4886,18587724989.0,3.322380770497885
2020-12-03 00:00:00+00:00,571382903267.67,62.3792,18587724989.0,3.2531118594376975
2020-12-04 00:00:00+00:00,579480943320.72,62.2831,18587724989.0,3.2076507783815806
2020-12-05 00:00:00+00:00,552420643594.1,62.9614,18737724989.0,3.391930625019844
2020-12-06 00:00:00+00:00,568375469439.93,62.5375,18737724989.0,3.296715990833298
2020-12-07 00:00:00+00:00,573838755753.35,62.5654,18737724989.0,3.2653292934877918
2020-12-08 00:00:00+00:00,569021068193.99,62.6287,18737724989.0,3.292975609580058
2020-12-09 00:00:00+00:00,540994202129.59,62.8883,18737724989.0,3.4635722370480333
2020-12-10 00:00:00+00:00,550913634569.53,62.5568,18737724989.0,3.4012091575190704
2020-12-11 00:00:00+00:00,540615658936.79,62.7518,18887711955.0,3.4937411898400805
2020-12-12 00:00:00+00:00,532039480570.26,63.0548,18887511915.0,3.55002074183586
2020-12-13 00:00:00+00:00,550108027522.3,63.4622,18887511915.0,3.4334187050623153
2020-12-14 00:00:00+00:00,562303659635.7,63.2269,18887511915.0,3.358952336756383
2020-12-15 00:00:00+00:00,563583183356.43,63.4374,18887511915.0,3.3513263831818176
2020-12-16 00:00:00+00:00,566555638559.17,63.6627,19087511915.0,3.3690445590731746
2020-12-17 00:00:00+00:00,617233878970.85,64.1733,19087511915.0,3.092427775809345
2020-12-18 00:00:00+00:00,646662647680.5,65.5085,19087511915.0,2.9516954448296304
2020-12-19 00:00:00+00:00,656811291446.32,65.4007,19287511915.0,2.93653781020242
2020-12-20 00:00:00+00:00,672830201076.79,65.8869,19287511915.0,2.866623983901507
2020-12-21 00:00:00+00:00,662256546234.09,65.9392,19287511915.0,2.912392791687465
2020-12-22 00:00:00+00:00,639482098768.53,66.3766,19437511915.0,3.0395709203481074
2020-12-23 00:00:00+00:00,659168264910.21,67.033,19437511915.0,2.948793646436805
2020-12-24 00:00:00+00:00,624113054376.15,69.2394,19637511915.0,3.14646709875813
2020-12-25 00:00:00+00:00,647402293656.33,68.1597,19837511915.0,3.0641707805766036
2020-12-26 00:00:00+00:00,667349490727.7,68.6839,19837511915.0,2.9725821613152834
2020-12-27 00:00:00+00:00,701188197535.36,70.0526,19837511915.0,2.8291280407639237
2020-12-28 00:00:00+00:00,704185686414.61,69.4167,19837511915.0,2.8170853650836754
2020-12-29 00:00:00+00:00,728179385072.71,69.1401,20037511915.0,2.7517274349917527
2020-12-30 00:00:00+00:00,732422027293.74,69.4398,20037511915.0,2.7357877246042874
2020-12-31 00:00:00+00:00,760731060139.62,70.425,20037511915.0,2.633981043356168
2021-01-01 00:00:00+00:00,765312965839.57,70.4528,20037511915.0,2.6182114781001107
2021-01-02 00:00:00+00:00,772481366071.7,70.6696,20537511915.0,2.658641724840487
2021-01-03 00:00:00+00:00,831050843622.62,71.798,21337511915.0,2.5675338733774704
2021-01-04 00:00:00+00:00,876589922892.12,69.5703,21337511915.0,2.434149806856263
2021-01-05 00:00:00+00:00,869548486452.6,68.3439,21337511915.0,2.4538610839342923
2021-01-06 00:00:00+00:00,920624311572.56,68.7089,21937511915.0,2.382895133143675
2021-01-07 00:00:00+00:00,1000232390769.68,68.5012,22635815112.0,2.26305559796776
2021-01-08 00:00:00+00:00,1052206214274.87,69.6016,22635815112.0,2.1512717568960107
2021-01-09 00:00:00+00:00,1078151392864.04,70.3697,23335815112.0,2.1644284157542946
2021-01-10 00:00:00+00:00,1088240613852.74,68.8379,23335815112.0,2.1443617169720692
2021-01-11 00:00:00+00:00,1047705851913.44,68.1367,23335781472.0,2.2273218603658207
2021-01-12 00:00:00+00:00,957506510510.2,69.1322,23335292613.0,2.437089707156766
2021-01-13 00:00:00+00:00,919926156837.37,68.5632,23735292613.0,2.5801302024718997
2021-01-14 00:00:00+00:00,1007426555868.52,68.905,23735292613.0,2.3560320575962375
2021-01-15 00:00:00+00:00,1059027014104.1,68.831,23735292613.0,2.2412358038929945
2021-01-16 00:00:00+00:00,1005282606669.72,68.0186,23735292613.0,2.361056727284858
2021-01-17 00:00:00+00:00,1012362471103.07,66.53,23735292613.0,2.344544892812752
2021-01-18 00:00:00+00:00,1007051878926.17,66.1606,23735292613.0,2.356908627022194
2021-01-19 00:00:00+00:00,1030379574330.94,66.2562,24135292613.0,2.342369085554889
2021-01-20 00:00:00+00:00,1032869171007.11,65.1071,24135292613.0,2.3367231098074726
2021-01-21 00:00:00+00:00,1025653410835.52,64.5811,24135292613.0,2.353162614000265
2021-01-22 00:00:00+00:00,885703222647.15,64.8111,24134292613.0,2.724873523759856
2021-01-23 00:00:00+00:00,949923044916.44,64.5717,24114508571.0,2.5385749614192417
2021-01-24 00:00:00+00:00,936376288463.76,63.706,24114508571.0,2.575301069462449
2021-01-25 00:00:00+00:00,963889593144.28,62.3748,24114508571.0,2.5017915685069974
2021-01-26 00:00:00+00:00,952725120616.35,63.1847,24114487168.0,2.5311064698702945
2021-01-27 00:00:00+00:00,962965946229.64,62.9842,24514487168.0,2.5457273192248473
2021-01-28 00:00:00+00:00,899608105524.53,62.8927,24914487168.0,2.769482290677365
2021-01-29 00:00:00+00:00,981399142368.02,63.3916,25414487168.0,2.58961782936526
2021-01-30 00:00:00+00:00,1008115569246.02,63.2399,25812442493.0,2.5604646213633413
2021-01-31 00:00:00+00:00,1018463731294.19,62.6685,25812442493.0,2.534448866450985
2021-02-01 00:00:00+00:00,990275887106.73,62.2892,26162355430.0,2.6419259289891475
2021-02-02 00:00:00+00:00,1006449250810.23,61.994,26162355430.0,2.5994709031715515
2021-02-03 00:00:00+00:00,1065615072249.44,62.045,24562355430.0,2.3049932447136436
2021-02-04 00:00:00+00:00,1132177735792.22,61.57,26962355430.0,2.381459604585282
2021-02-05 00:00:00+00:00,1121071194215.43,61.3403,27312355430.0,2.436273054818278
2021-02-06 00:00:00+00:00,1176650523167.46,60.2552,28212355430.0,2.397683498584978
2021-02-07 00:00:00+00:00,1194592738676.8,61.1832,28212355430.0,2.3616714313239204
2021-02-08 00:00:00+00:00,1184569745811.79,61.1644,29612355430.0,2.499840599061269
2021-02-09 00:00:00+00:00,1356473377047.12,63.3904,29612355430.0,2.183039927732496
2021-02-10 00:00:00+00:00,1384154619947.43,62.5384,30612355430.0,2.211628310077284
2021-02-11 00:00:00+00:00,1370856155170.38,61.0014,30712355430.0,2.2403776876344
2021-02-12 00:00:00+00:00,1445387833199.8,61.6307,30712355430.0,2.1248522178306275
2021-02-13 00:00:00+00:00,1471565274739.58,60.1672,31712355430.0,2.1550084100490934
2021-02-14 00:00:00+00:00,1472225150017.07,59.5947,31712355430.0,2.1540425001999393
2021-02-15 00:00:00+00:00,1489533291681.0,60.9341,31712355430.0,2.1290128664537127
2021-02-16 00:00:00+00:00,1464258536313.8,61.0149,32112355430.0,2.193079612213926
2021-02-17 00:00:00+00:00,1490946011412.48,61.5149,33112355430.0,2.2208956713751355
2021-02-18 00:00:00+00:00,1571730150472.86,61.8264,33112355430.0,2.106745577161451
2021-02-19 00:00:00+00:00,1587960801799.29,60.654,33512355430.0,2.1104019313340574
2021-02-20 00:00:00+00:00,1706551988686.55,60.9757,34312355430.0,2.0106246781505055
2021-02-21 00:00:00+00:00,1699848120501.44,61.5163,34312355430.0,2.0185541882340736
2021-02-22 00:00:00+00:00,1744111720940.62,61.4551,34312355430.0,1.9673255456075338
2021-02-23 00:00:00+00:00,1647603133821.13,61.3438,34312355430.0,2.08256191831965
2021-02-24 00:00:00+00:00,1467056625531.13,61.8556,34312355430.0,2.3388569215982127
2021-02-25 00:00:00+00:00,1510602884475.79,61.2704,34312355430.0,2.2714345234357927
2021-02-26 00:00:00+00:00,1430592091566.2,61.6063,34312355430.0,2.3984723271072417
2021-02-27 00:00:00+00:00,1408473597631.53,61.2638,34312355430.0,2.4361376377732027
2021-02-28 00:00:00+00:00,1421511102160.5,60.6459,34312355430.0,2.4137944035646273
2021-03-01 00:00:00+00:00,1380689031695.14,60.9004,35062355430.0,2.539482434140309
2021-03-02 00:00:00+00:00,1515177964309.47,61.0605,35062355430.0,2.3140750628576745
2021-03-03 00:00:00+00:00,1479787789839.6,60.9434,36212355430.0,2.4471316548655397
2021-03-04 00:00:00+00:00,1543748682020.24,61.0884,36212355430.0,2.345741625677723
2021-03-05 00:00:00+00:00,1492279202668.93,60.6724,36212355430.0,2.426647464176575
2021-03-06 00:00:00+00:00,1502552865324.52,60.7347,36212355430.0,2.4100553308770865
2021-03-07 00:00:00+00:00,1518551847557.71,60.0835,36212355430.0,2.3846637497587193
2021-03-08 00:00:00+00:00,1585196572691.68,60.3591,36212355430.0,2.284407880627136
2021-03-09 00:00:00+00:00,1623367549044.83,60.0369,36212355430.0,2.2306935635929714
2021-03-10 00:00:00+00:00,1704294520581.81,59.9459,37212355430.0,2.183446287047645
2021-03-11 00:00:00+00:00,1708422615326.76,61.1765,37612355430.0,2.201583793879134
2021-03-12 00:00:00+00:00,1751033647877.46,61.5417,37612355430.0,2.1480087190553045
2021-03-13 00:00:00+00:00,1728235544521.7,61.8837,37612355430.0,2.1763442806871245
2021-03-14 00:00:00+00:00,1841094129185.99,62.059,37612355430.0,2.0429349501336844
2021-03-15 00:00:00+00:00,1789792456499.14,61.9431,38612355430.0,2.1573649665239025
2021-03-16 00:00:00+00:00,1707276189268.97,61.0555,39212355430.0,2.296778674503165
2021-03-17 00:00:00+00:00,1738831316438.59,60.7882,39212355430.0,2.2550982984544636
2021-03-18 00:00:00+00:00,1801671789498.99,60.9259,39210524739.0,2.1763411608894474
2021-03-19 00:00:00+00:00,1771215330271.86,60.9504,39210478983.0,2.2137612696126374
2021-03-20 00:00:00+00:00,1800100265836.79,60.4699,39210478983.0,2.178238608546214
2021-03-21 00:00:00+00:00,1797970179884.56,60.5572,40210478983.0,2.2364374800466233
2021-03-22 00:00:00+00:00,1781647327529.74,60.2432,40210478983.0,2.2569269665030713
2021-03-23 00:00:00+00:00,1701640874999.6,59.8264,40210478983.0,2.363041436872481
2021-03-24 00:00:00+00:00,1707727162944.86,59.8703,40210478983.0,2.354619628680014
2021-03-25 00:00:00+00:00,1634570685516.3,60.274,40210478983.0,2.460002454424233
2021-03-26 00:00:00+00:00,1623529674149.42,59.4432,40210478983.0,2.476732000852808
2021-03-27 00:00:00+00:00,1734484004138.44,59.3271,41010478983.0,2.3644195556228778
2021-03-28 00:00:00+00:00,1755880628770.7,59.5427,41010478983.0,2.3356074616365934
2021-03-29 00:00:00+00:00,1758110718730.48,59.424,41010478983.0,2.3326448411971112
2021-03-30 00:00:00+00:00,1825801906631.66,59.0507,41010478983.0,2.2461625674747157
2021-03-31 00:00:00+00:00,1863981199793.12,59.0175,41010478983.0,2.200155183300758
2021-04-01 00:00:00+00:00,1879792110128.97,58.5257,42210478983.0,2.2454865490473837
2021-04-02 00:00:00+00:00,1903824109713.87,57.9703,42210478983.0,2.217141739493146
2021-04-03 00:00:00+00:00,1948275550271.01,56.9111,42210478983.0,2.1665559051505014
2021-04-04 00:00:00+00:00,1882423093695.86,57.159,42210478983.0,2.242348126962571
2021-04-05 00:00:00+00:00,1949002578558.65,56.2923,42210478983.0,2.165747723854527
2021-04-06 00:00:00+00:00,1976828143329.49,55.7368,43410478983.0,2.19596625682825
2021-04-07 00:00:00+00:00,1984148829242.77,54.8009,43410478983.0,2.1878640524948505
2021-04-08 00:00:00+00:00,1881979289294.0,55.7265,44410478983.0,2.3597751173797463
2021-04-09 00:00:00+00:00,1977830891895.14,55.0741,44410478983.0,2.2454133548519044
2021-04-10 00:00:00+00:00,1980748568310.93,54.9262,44410478983.0,2.2421058226926167
2021-04-11 00:00:00+00:00,2045405684064.1,54.6103,44410478983.0,2.1712308384104517
2021-04-12 00:00:00+00:00,2072661874926.67,54.2631,45410478983.0,2.190925569304767
2021-04-13 00:00:00+00:00,2080396210743.75,53.794,45410478983.0,2.1827803160036314
2021-04-14 00:00:00+00:00,2197811709903.58,54.0325,47410478983.0,2.157167457492523
2021-04-15 00:00:00+00:00,2217887624034.03,53.0721,47410478983.0,2.1376411712315213
2021-04-16 00:00:00+00:00,2259233680547.6,52.3264,47410478983.0,2.0985203695931314
2021-04-17 00:00:00+00:00,2237628557667.6,51.451,48410478983.0,2.1634725217066784
2021-04-18 00:00:00+00:00,2198602921303.39,51.6228,48410478983.0,2.201874586535207
2021-04-19 00:00:00+00:00,2049504342804.95,51.2376,50410478983.0,2.4596424574542866
2021-04-20 00:00:00+00:00,2013020032223.88,51.699,50410478983.0,2.5042214273103443
2021-04-21 00:00:00+00:00,2068523587315.62,50.9968,50410478984.0,2.4370270318947176
2021-04-22 00:00:00+00:00,1994278314257.17,50.4943,50410478984.0,2.527755460389536
2021-04-23 00:00:00+00:00,1916829750697.46,50.4688,50410478984.0,2.6298881768533477
2021-04-24 00:00:00+00:00,1896561955270.02,50.3437,50410478984.0,2.6579927349023977
2021-04-25 00:00:00+00:00,1826281250070.77,51.2053,50410478984.0,2.760280158494019
2021-04-26 00:00:00+00:00,1824757624647.65,50.2333,50410478984.0,2.7625849210376074
2021-04-27 00:00:00+00:00,2019390396279.5,50.0009,50410478984.0,2.49632161650742
2021-04-28 00:00:00+00:00,2085563671994.19,49.2961,50410478984.0,2.4171153180760063
2021-04-29 00:00:00+00:00,2094349280175.74,48.9268,50910478984.0,2.4308494989779366
2021-04-30 00:00:00+00:00,2076747433317.0,48.2182,50910478984.0,2.451452601662077
2021-05-01 00:00:00+00:00,2202189769327.3,49.0324,51910478984.0,2.357220967376351
2021-05-02 00:00:00+00:00,2244084268334.95,48.1702,51910478984.0,2.313214334973088
2021-05-03 00:00:00+00:00,2213766969074.5,47.8168,52910478984.0,2.3900654279849545
2021-05-04 00:00:00+00:00,2312368990373.25,46.258,52910478984.0,2.2881503429718406
2021-05-05 00:00:00+00:00,2177702251591.46,45.7342,54910478984.0,2.5214869913401405
2021-05-06 00:00:00+00:00,2386883839277.0,44.9585,54910478984.0,2.3005090604087663
2021-05-07 00:00:00+00:00,2371260683957.56,44.4769,54910478984.0,2.315666065544347
2021-05-08 00:00:00+00:00,2379475419702.69,45.0737,54910478984.0,2.307671620783582
2021-05-09 00:00:00+00:00,2463506402007.01,44.6338,54910478984.0,2.228956212139925
2021-05-10 00:00:00+00:00,2456518166904.53,44.3289,55910478984.0,2.2760051090708218
2021-05-11 00:00:00+00:00,2354289970693.0,44.3493,56910478984.0,2.417309664163758
2021-05-12 00:00:00+00:00,2502801521503.85,42.3958,57910478984.0,2.313826265744138
2021-05-13 00:00:00+00:00,2210077001195.96,42.1965,57910478984.0,2.620292367761954
2021-05-14 00:00:00+00:00,2237244955780.75,41.5677,57910478984.0,2.5884728819866973
2021-05-15 00:00:00+00:00,2335084960875.95,39.9721,57910478984.0,2.480015928939746
2021-05-16 00:00:00+00:00,2177512723943.98,40.2005,57910478984.0,2.6594783280582033
2021-05-17 00:00:00+00:00,2169168079472.59,40.0596,57910478984.0,2.6697091632512087
2021-05-18 00:00:00+00:00,2021563048922.92,40.2289,58910478984.0,2.9141054500074706
2021-05-19 00:00:00+00:00,2047589623111.84,39.2584,58910478984.0,2.8770647359733315
2021-05-20 00:00:00+00:00,1586428418885.85,43.7153,58910478984.0,3.713402904454578
2021-05-21 00:00:00+00:00,1787816617243.12,42.5661,58910478984.0,3.2951074744367324
2021-05-22 00:00:00+00:00,1597425646826.4,43.6864,59910478984.0,3.750439283544993
2021-05-23 00:00:00+00:00,1552307006310.07,45.2667,59910478984.0,3.8594478244616646
2021-05-24 00:00:00+00:00,1418495270201.05,45.907,60910478984.0,4.294020590944013
2021-05-25 00:00:00+00:00,1661357595908.09,43.5643,60910478984.0,3.6663075507658314
2021-05-26 00:00:00+00:00,1658843816739.54,43.2494,60910478984.0,3.6718634008426205
2021-05-27 00:00:00+00:00,1751087019178.69,42.0176,60910478984.0,3.478438153951296
2021-05-28 00:00:00+00:00,1691490891974.8,42.561,61910478984.0,3.66011305634168
2021-05-29 00:00:00+00:00,1550715146762.87,43.0715,61910478984.0,3.9923824251822526
2021-05-30 00:00:00+00:00,1484497152534.16,43.6175,61910478984.0,4.170468018636052
2021-05-31 00:00:00+00:00,1543725890384.16,43.2404,59910478984.0,3.8809013541316677
2021-06-01 00:00:00+00:00,1659100453454.15,42.1135,62910478984.0,3.791842673119887
2021-06-02 00:00:00+00:00,1635922584515.64,41.9713,62910478984.0,3.845565773066602
2021-06-03 00:00:00+00:00,1693469168939.95,41.5796,62910478984.0,3.7148877663583137
2021-06-04 00:00:00+00:00,1767339896058.76,41.5235,62910478984.0,3.559614034872009
2021-06-05 00:00:00+00:00,1660961801310.91,41.6159,62910478984.0,3.7875933651422966
2021-06-06 00:00:00+00:00,1612808480193.27,41.2765,62910478984.0,3.9006788317767995
2021-06-07 00:00:00+00:00,1636932562394.85,41.0008,62909700685.0,3.843145535144247
2021-06-08 00:00:00+00:00,1533003950260.85,41.0136,62905955597.0,4.103443803018
2021-06-09 00:00:00+00:00,1522153846982.68,41.1667,62905955597.0,4.132693664421412
2021-06-10 00:00:00+00:00,1630806890792.87,42.8766,62905955597.0,3.8573515939962832
2021-06-11 00:00:00+00:00,1578378270924.34,43.5877,62905955597.0,3.9854803348351093
2021-06-12 00:00:00+00:00,1551277554865.42,45.0222,62905955597.0,4.055106412111878
2021-06-13 00:00:00+00:00,1517151283644.55,43.8802,62905955597.0,4.146320559798445
2021-06-14 00:00:00+00:00,1629650696539.94,44.9064,62905955597.0,3.860088283370257
2021-06-15 00:00:00+00:00,1671750632515.21,45.216,62905955597.0,3.7628791264373977
2021-06-16 00:00:00+00:00,1651468714192.19,45.5713,62905955597.0,3.809091571424059
2021-06-17 00:00:00+00:00,1586167060397.71,45.2909,62905955597.0,3.965909844403601
2021-06-18 00:00:00+00:00,1585439969106.78,45.0277,62905955597.0,3.9677286319734035
2021-06-19 00:00:00+00:00,1499518129332.01,44.8044,62905955597.0,4.195078029835004
2021-06-20 00:00:00+00:00,1477596721768.39,45.1011,62905955597.0,4.257315590258894
2021-06-21 00:00:00+00:00,1492167308397.19,44.7603,62905955597.0,4.215744122190317
2021-06-22 00:00:00+00:00,1276173404169.88,46.4365,62905955597.0,4.929263953586214
2021-06-23 00:00:00+00:00,1282593465902.12,47.5107,62905955597.0,4.904590368605589
2021-06-24 00:00:00+00:00,1353218312400.25,46.649,62905955597.0,4.648618409946104
2021-06-25 00:00:00+00:00,1394656334645.45,46.6353,62905955597.0,4.510498682314592
2021-06-26 00:00:00+00:00,1278048997056.57,46.3339,62905955597.0,4.922030042813422
2021-06-27 00:00:00+00:00,1295821836507.49,46.6459,62905955597.0,4.854521958554478
2021-06-28 00:00:00+00:00,1381613853117.83,47.0475,62905955597.0,4.55307794251214
2021-06-29 00:00:00+00:00,1395514135235.1,46.2802,62905955597.0,4.50772614971774
2021-06-30 00:00:00+00:00,1453057024141.87,46.2959,62905955597.0,4.3292145147676
2021-07-01 00:00:00+00:00,1443740569103.02,45.4903,62905955597.0,4.357150927474648
2021-07-02 00:00:00+00:00,1383828223983.63,45.4476,62905955597.0,4.545792209376426
2021-07-03 00:00:00+00:00,1399096678469.44,45.3615,62905955597.0,4.496183613688283
2021-07-04 00:00:00+00:00,1433810438951.76,45.3256,62903955597.0,4.387187726362786
2021-07-05 00:00:00+00:00,1466939884287.63,45.0946,62903955597.0,4.288107254480111
2021-07-06 00:00:00+00:00,1408670057645.14,44.8845,62903955597.0,4.465485388548396
2021-07-07 00:00:00+00:00,1447160819009.8,44.3434,62903955597.0,4.346714944925138
2021-07-08 00:00:00+00:00,1441909752646.65,44.0697,62903955597.0,4.3625445685167685
2021-07-09 00:00:00+00:00,1373437544731.84,44.8654,62903955597.0,4.580037573480039
2021-07-10 00:00:00+00:00,1405548705051.49,45.1092,62903955597.0,4.475402052659258
2021-07-11 00:00:00+00:00,1389401173477.36,45.2282,62903955597.0,4.527414889075232
2021-07-12 00:00:00+00:00,1413837577847.68,45.4364,62903955597.0,4.449164216780845
2021-07-13 00:00:00+00:00,1368394038633.56,45.4005,62903955597.0,4.596918272153109
2021-07-14 00:00:00+00:00,1337726918122.82,45.8803,62903955597.0,4.702301698860232
2021-07-15 00:00:00+00:00,1345660454551.38,45.7574,62903955597.0,4.674578597018451
2021-07-16 00:00:00+00:00,1305800227300.81,45.7394,62903955597.0,4.817272526213856
2021-07-17 00:00:00+00:00,1276125597537.53,46.1523,62903955597.0,4.92929189089086
2021-07-18 00:00:00+00:00,1259003870112.32,46.9857,62903955597.0,4.996327421248365
2021-07-19 00:00:00+00:00,1294032244032.82,46.1019,62903955597.0,4.861081003743875
2021-07-20 00:00:00+00:00,1245202814756.7,46.4633,62903955597.0,5.051703614185196
2021-07-21 00:00:00+00:00,1204677240889.18,46.4055,62903955597.0,5.22164389447336
2021-07-22 00:00:00+00:00,1307987250061.45,46.1027,62903955597.0,4.809217795819091
2021-07-23 00:00:00+00:00,1324921902082.75,45.7523,62903955597.0,4.747748187883095
2021-07-24 00:00:00+00:00,1372969711997.31,45.9133,62903925765.0,4.5815960261418525
2021-07-25 00:00:00+00:00,1402256802749.15,45.8902,62903925765.0,4.485906264934904
2021-07-26 00:00:00+00:00,1426244767009.43,46.5584,62903925765.0,4.410457953644088
2021-07-27 00:00:00+00:00,1472981630084.41,47.4942,62903925765.0,4.270516650054574
2021-07-28 00:00:00+00:00,1537614832648.81,48.2187,62903925765.0,4.091006696172214
2021-07-29 00:00:00+00:00,1552331698844.43,48.3594,62903925765.0,4.052221945337215
2021-07-30 00:00:00+00:00,1570822811697.76,47.8309,62903925765.0,4.004520770678957
2021-07-31 00:00:00+00:00,1634296830979.41,48.4894,62903925765.0,3.8489902551730832
2021-08-01 00:00:00+00:00,1635499465717.85,47.5896,62903925765.0,3.8461599703054827
2021-08-02 00:00:00+00:00,1605291730562.67,46.7104,62903925765.0,3.9185354641396914
2021-08-03 00:00:00+00:00,1599832267571.21,45.9907,62903925765.0,3.931907553064783
2021-08-04 00:00:00+00:00,1562901785892.3,45.8815,62903925765.0,4.0248162957396945
2021-08-05 00:00:00+00:00,1635780430423.28,45.6193,61903638976.0,3.7843489153358805
2021-08-06 00:00:00+00:00,1678061403940.65,45.7286,61903035039.0,3.688961255746122
2021-08-07 00:00:00+00:00,1735655255290.46,46.3415,61903035039.0,3.566551298151694
2021-08-08 00:00:00+00:00,1831731527441.35,45.6989,62903035039.0,3.434075032101782
2021-08-09 00:00:00+00:00,1774501349978.63,46.347,62903035039.0,3.544828807245344
2021-08-10 00:00:00+00:00,1864264417198.56,46.6252,62903035039.0,3.3741477045152597
2021-08-11 00:00:00+00:00,1869799155703.19,45.8055,62903035039.0,3.3641599872978634
2021-08-12 00:00:00+00:00,1901686429134.03,45.0171,62903035039.0,3.3077501145992887
2021-08-13 00:00:00+00:00,1858196176272.52,44.9232,62903035039.0,3.3851665309731405
2021-08-14 00:00:00+00:00,2005227678476.43,44.7894,62903035039.0,3.136952263036468
2021-08-15 00:00:00+00:00,1998619494676.87,44.2688,63903035039.0,3.1973587373284187
2021-08-16 00:00:00+00:00,2018285326179.09,43.7686,63903035039.0,3.166204213552789
2021-08-17 00:00:00+00:00,1966489225457.42,43.8888,63903035039.0,3.2496000594224297
2021-08-18 00:00:00+00:00,1898164006594.37,44.2341,63903035039.0,3.366570792460286
2021-08-19 00:00:00+00:00,1915630974639.44,43.8868,63903035039.0,3.3358739697257103
2021-08-20 00:00:00+00:00,2015577125330.44,43.5597,63903035039.0,3.1704584377302627
2021-08-21 00:00:00+00:00,2105331098043.51,44.0293,64903035039.0,3.082794677726205
2021-08-22 00:00:00+00:00,2080789866038.47,44.1375,64903035039.0,3.1191537453306717
2021-08-23 00:00:00+00:00,2103254071104.22,44.0459,65903035039.0,3.133384403929885
2021-08-24 00:00:00+00:00,2147406305136.86,43.3802,63903035039.0,2.975824131937029
2021-08-25 00:00:00+00:00,2046971679006.08,43.8161,65903035039.0,3.2195381946368515
2021-08-26 00:00:00+00:00,2096980430009.91,43.9075,65867856076.0,3.141081105639537
2021-08-27 00:00:00+00:00,1997932828867.22,44.1451,65866273216.0,3.296721104149662
2021-08-28 00:00:00+00:00,2115878389097.14,43.6152,65866273216.0,3.1129517440794694
2021-08-29 00:00:00+00:00,2104359656052.3,43.7106,65866273216.0,3.1299912553713685
2021-08-30 00:00:00+00:00,2098254859020.15,43.7601,65866273216.0,3.1390978523342232
2021-08-31 00:00:00+00:00,2046396184884.7,43.1792,65866273216.0,3.218647185843493
2021-09-01 00:00:00+00:00,2090108123816.08,42.3663,65866273216.0,3.151333295415483
2021-09-02 00:00:00+00:00,2210190743182.79,41.5744,65866273216.0,2.980117142339902
2021-09-03 00:00:00+00:00,2223262376536.0,41.7002,66866273216.0,3.007574540985234
2021-09-04 00:00:00+00:00,2269225310292.2,41.3877,66866273216.0,2.946656416739414
2021-09-05 00:00:00+00:00,2270810366334.45,41.3648,66866273216.0,2.9445996111042847
2021-09-06 00:00:00+00:00,2343397052207.83,41.5298,67866273216.0,2.8960637785244217
2021-09-07 00:00:00+00:00,2367110899522.54,41.8268,69866273216.0,2.951542035064451
2021-09-08 00:00:00+00:00,2084766535702.86,42.2686,69866273216.0,3.3512756473925855
2021-09-09 00:00:00+00:00,2093266027712.8,41.4216,69866273216.0,3.3376681363495466
2021-09-10 00:00:00+00:00,2116290061816.93,41.2805,69866273216.0,3.30135620237316
2021-09-11 00:00:00+00:00,2038038722056.34,41.4509,69866273216.0,3.428113139357153
2021-09-12 00:00:00+00:00,2066435429814.47,41.1558,69866273216.0,3.3810044198803144
2021-09-13 00:00:00+00:00,2121600275771.01,40.839,69866273216.0,3.2930931435993487
2021-09-14 00:00:00+00:00,2049083378297.22,41.2538,69866273216.0,3.409635447536478
2021-09-15 00:00:00+00:00,2131773368969.14,41.6072,69854865455.0,3.2768429548765616
2021-09-16 00:00:00+00:00,2193850208470.17,41.3071,69854865455.0,3.1841219234248292
2021-09-17 00:00:00+00:00,2165882966767.53,41.4972,69854865455.0,3.2252373063007567
2021-09-18 00:00:00+00:00,2110336104813.56,42.1748,69854865455.0,3.3101298554133116
2021-09-19 00:00:00+00:00,2151845798097.24,42.208,69854866565.0,3.246276597829122
2021-09-20 00:00:00+00:00,2102146817352.21,42.3241,69854867148.0,3.323025136559526
2021-09-21 00:00:00+00:00,1888633277740.66,42.8362,69854866237.0,3.698699321901507
2021-09-22 00:00:00+00:00,1789919374944.78,42.8497,69854866237.0,3.9026822780302637
2021-09-23 00:00:00+00:00,1959270141458.51,41.8424,69854866237.0,3.565351441787348
2021-09-24 00:00:00+00:00,2013411569329.61,41.9757,69854866677.0,3.469477763071513
2021-09-25 00:00:00+00:00,1911127480162.45,42.1967,69854866777.0,3.6551652101754186
2021-09-26 00:00:00+00:00,1898759245195.11,42.3521,69854866826.0,3.67897441462211
2021-09-27 00:00:00+00:00,1917022703480.15,42.4036,69854866829.0,3.643924858176481
2021-09-28 00:00:00+00:00,1867797174802.72,42.549,69854867329.0,3.7399600059025784
2021-09-29 00:00:00+00:00,1813411098326.22,42.6425,69854866928.0,3.8521252567868425
2021-09-30 00:00:00+00:00,1843843859701.15,42.43,69854866928.0,3.788545681917018
2021-10-01 00:00:00+00:00,1930206546551.02,42.747,69854866948.0,3.619035852552662
2021-10-02 00:00:00+00:00,2107108356132.57,43.0217,69854866961.0,3.3152005096317425
2021-10-03 00:00:00+00:00,2118041594222.74,42.3955,69854867398.0,3.2980876102027032
2021-10-04 00:00:00+00:00,2144334561753.68,42.3423,69854867416.0,3.2576477878932883
2021-10-05 00:00:00+00:00,2151193957976.05,43.0553,69854867916.0,3.247260325225296
2021-10-06 00:00:00+00:00,2230198463918.98,43.4847,69854867916.0,3.132226528093319
2021-10-07 00:00:00+00:00,2307759140110.85,45.1693,69854868849.0,3.02695665396193
2021-10-08 00:00:00+00:00,2284858519632.81,44.3573,69854868949.0,3.0572951606748098
2021-10-09 00:00:00+00:00,2282617879057.19,44.508,69854868949.0,3.060296232230196
2021-10-10 00:00:00+00:00,2320592869768.16,44.6122,69854868949.0,3.0102164778252933
2021-10-11 00:00:00+00:00,2263956492331.17,45.5488,69854869292.0,3.0855217195482076
2021-10-12 00:00:00+00:00,2337846752408.15,46.3619,69854869385.0,2.988000360290702
2021-10-13 00:00:00+00:00,2301188084255.03,45.8838,69854868418.0,3.035600127427842
2021-10-14 00:00:00+00:00,2362017168443.25,45.7693,69854868510.0,2.9574242492081333
2021-10-15 00:00:00+00:00,2389974462411.1,45.2147,69854868514.0,2.922829076739492
2021-10-16 00:00:00+00:00,2489474164126.01,46.6372,69854868220.0,2.8060089647294753
2021-10-17 00:00:00+00:00,2472363690507.54,46.4117,69854868215.0,2.8254284951361597
2021-10-18 00:00:00+00:00,2482132715354.28,46.7335,69854868216.0,2.8143083479736286
2021-10-19 00:00:00+00:00,2476826071321.6,47.2121,69854868235.0,2.820338054570235
2021-10-20 00:00:00+00:00,2539301745464.84,47.7166,69851688810.0,2.750822698986216
2021-10-21 00:00:00+00:00,2645014414565.28,47.0358,69851687895.0,2.6408811804710126
2021-10-22 00:00:00+00:00,2543946325264.84,46.1176,69827036382.0,2.744831354676109
2021-10-23 00:00:00+00:00,2429579196015.08,47.0936,69827036366.0,2.8740382894506227
2021-10-24 00:00:00+00:00,2558355886312.44,45.2218,69827036480.0,2.7293715019706353
2021-10-25 00:00:00+00:00,2518922930927.89,45.5769,69827036293.0,2.7720989568854324
2021-10-26 00:00:00+00:00,2620270321258.32,45.3557,69827036429.0,2.6648791104677816
2021-10-27 00:00:00+00:00,2562836163405.7,44.4022,69827037411.0,2.724600128874734
2021-10-28 00:00:00+00:00,2453041063932.37,45.0048,69827037345.0,2.846549875241922
2021-10-29 00:00:00+00:00,2585645667861.5,44.2193,69827041933.0,2.7005650001050445
2021-10-30 00:00:00+00:00,2660968465494.5,44.1327,69827037366.0,2.6241211901405874
2021-10-31 00:00:00+00:00,2635516181597.75,44.4419,69827038133.0,2.649463456933442
2021-11-01 00:00:00+00:00,2623470715128.38,44.0615,69827036482.0,2.6616282041701007
2021-11-02 00:00:00+00:00,2639747768929.52,43.5669,70827036542.0,2.683098642061625
2021-11-03 00:00:00+00:00,2744413323694.91,43.5434,70827066350.0,2.580772573084683
2021-11-04 00:00:00+00:00,2756013114635.46,43.0763,70827038739.0,2.569909350680588
2021-11-05 00:00:00+00:00,2708056483341.32,42.7861,71827038872.0,2.6523464083502652
2021-11-06 00:00:00+00:00,2701917317104.94,42.5846,72827041833.0,2.695383806601195
2021-11-07 00:00:00+00:00,2730012879478.47,42.5245,72827040355.0,2.667644570560142
2021-11-08 00:00:00+00:00,2798837945006.15,42.8079,73827043696.0,2.6377748603746967
2021-11-09 00:00:00+00:00,2919712061567.39,43.5675,72826247458.0,2.49429553059779
2021-11-10 00:00:00+00:00,2904441786523.23,43.5851,74826247595.0,2.576269489793113
2021-11-11 00:00:00+00:00,2795662464235.44,43.6364,74827256205.0,2.6765483016013456
2021-11-12 00:00:00+00:00,2839026028977.3,43.1067,74827254378.0,2.6356663734060573
2021-11-13 00:00:00+00:00,2816319098401.41,43.1118,74827254413.0,2.6569167696754676
2021-11-14 00:00:00+00:00,2828244768580.86,43.0427,74827267246.0,2.645713980531692
2021-11-15 00:00:00+00:00,2856402443353.2,43.5049,74827248400.0,2.6196325582244806
2021-11-16 00:00:00+00:00,2770352701376.63,43.0779,74827248042.0,2.701000778883397
2021-11-17 00:00:00+00:00,2610277667843.23,43.4186,74827248495.0,2.8666394160597797
2021-11-18 00:00:00+00:00,2632515813852.25,43.2047,74828257862.0,2.842461856003108
2021-11-19 00:00:00+00:00,2479966732735.88,43.3808,74829258657.0,3.017349292199938
2021-11-20 00:00:00+00:00,2601441808254.25,42.2236,74830266435.0,2.876492035976632
2021-11-21 00:00:00+00:00,2661883324166.28,42.3182,74830281044.0,2.8111780995298643
2021-11-22 00:00:00+00:00,2621705856761.9,42.229,74830286300.0,2.85425941689827
2021-11-23 00:00:00+00:00,2531838134679.18,41.9984,74830333625.0,2.9555733678244036
2021-11-24 00:00:00+00:00,2615121702569.8,41.6311,74830359667.0,2.8614484592998672
2021-11-25 00:00:00+00:00,2578175921072.41,42.0099,74825327934.0,2.9022584270694716
2021-11-26 00:00:00+00:00,2674346782847.32,41.6918,75825324253.0,2.835283918275939
2021-11-27 00:00:00+00:00,2432377040254.63,41.7303,75825372956.0,3.117336321677429
2021-11-28 00:00:00+00:00,2470050367465.36,41.7714,75825215934.0,3.0697842008706884
2021-11-29 00:00:00+00:00,2570958702692.84,42.1869,75825282561.0,2.9492999044123143
2021-11-30 00:00:00+00:00,2610403565918.97,41.7463,74825288076.0,2.866426059667843
2021-12-01 00:00:00+00:00,2610697177790.38,41.0543,74825304935.0,2.8661043330322213
2021-12-02 00:00:00+00:00,2620337568877.35,41.1268,74825346385.0,2.8555613320102857
2021-12-03 00:00:00+00:00,2606278892433.23,40.9904,74825349042.0,2.8709647789129282
2021-12-04 00:00:00+00:00,2469728395954.19,41.0364,75825357980.0,3.0701901514439425
2021-12-05 00:00:00+00:00,2325276769609.98,40.1492,76825212404.0,3.303916910367876
2021-12-06 00:00:00+00:00,2291059411505.28,40.672,76825217045.0,3.353261668344254
2021-12-07 00:00:00+00:00,2365667098833.1,40.4173,77825497682.0,3.2897907622077747
2021-12-08 00:00:00+00:00,2353043988076.8,40.6219,77825511845.0,3.3074397350560663
2021-12-09 00:00:00+00:00,2398128952717.08,39.8482,75826548664.0,3.1619045580550833
2021-12-10 00:00:00+00:00,2246451014482.47,40.0664,77826563879.0,3.4644229220786915
2021-12-11 00:00:00+00:00,2186225143946.02,40.9057,77826566388.0,3.559860547918097
2021-12-12 00:00:00+00:00,2276678136332.38,41.0081,77826583952.0,3.418427168513812
2021-12-13 00:00:00+00:00,2307655957452.67,41.0782,77826576923.0,3.3725381234432223
2021-12-14 00:00:00+00:00,2120949294197.65,41.5126,77826582576.0,3.6694221209772775
2021-12-15 00:00:00+00:00,2194857907305.78,41.6117,78826668918.0,3.5914246956770377
2021-12-16 00:00:00+00:00,2254885775437.92,41.0045,78826503907.0,3.4958091787017977
2021-12-17 00:00:00+00:00,2204653085516.86,40.8143,78826506202.0,3.575460770669045
2021-12-18 00:00:00+00:00,2160497217354.23,40.3564,78826510608.0,3.6485356229494186
2021-12-19 00:00:00+00:00,2206935070001.73,40.1496,78826516825.0,3.571764203508634
2021-12-20 00:00:00+00:00,2185279151480.47,40.2981,78826515056.0,3.60715998240303
2021-12-21 00:00:00+00:00,2197867669214.83,40.401,78826513846.0,3.586499539990964
2021-12-22 00:00:00+00:00,2274542949222.24,40.7138,78826518047.0,3.465598135834455
2021-12-23 00:00:00+00:00,2276758327799.92,40.4206,77326660026.0,3.396349058300026
2021-12-24 00:00:00+00:00,2382714955203.91,40.3586,77326526474.0,3.245311668738088
2021-12-25 00:00:00+00:00,2351520040972.63,40.8062,77326549331.0,3.2883644614407106
2021-12-26 00:00:00+00:00,2372345031391.49,40.2176,77326548012.0,3.2594983861451383
2021-12-27 00:00:00+00:00,2391312129050.74,40.1894,78326568755.0,3.275464035140099
2021-12-28 00:00:00+00:00,2379601905151.61,40.2457,78326826932.0,3.2915937225646834
2021-12-29 00:00:00+00:00,2239793448093.28,40.1962,78326603400.0,3.4970458310197703
2021-12-30 00:00:00+00:00,2176300394043.55,40.3838,78326516689.0,3.599067339388287
2021-12-31 00:00:00+00:00,2217587341587.41,40.2889,79326548035.0,3.5771555215595643
2022-01-01 00:00:00+00:00,2188927499015.76,40.0513,79326554298.0,3.6239918559965454
2022-01-02 00:00:00+00:00,2253025340162.08,40.0386,78778422990.0,3.4965617823158954
2022-01-03 00:00:00+00:00,2255963303858.94,39.6628,78481342990.0,3.478839520827031
2022-01-04 00:00:00+00:00,2225213380991.03,39.5255,78388221317.0,3.522728291436424
2022-01-05 00:00:00+00:00,2206005900549.9,39.3336,78502373121.0,3.5585749385997287
2022-01-06 00:00:00+00:00,2082775500630.5,39.4781,78772213379.0,3.7820789305018225
2022-01-07 00:00:00+00:00,2067677528682.61,39.4849,78639572254.0,3.803280306678384
2022-01-08 00:00:00+00:00,1969496245696.54,40.0048,78498478180.0,3.985713521999526
2022-01-09 00:00:00+00:00,1941933529129.49,40.616,78296609765.0,4.031889278934177
2022-01-10 00:00:00+00:00,1969300758849.55,40.2969,78054241928.0,3.9635511019453764
2022-01-11 00:00:00+00:00,1935846004184.75,40.8623,78481657327.0,4.054127092617126
2022-01-12 00:00:00+00:00,2010183566518.26,40.2759,78555065237.0,3.9078553096054485
2022-01-13 00:00:00+00:00,2087721022892.51,39.8542,78482021770.0,3.7592197860451773
2022-01-14 00:00:00+00:00,2019726952110.09,39.9045,78355483483.0,3.879508732660069
2022-01-15 00:00:00+00:00,2060979891846.87,39.6271,78464443412.0,3.807142598644522
2022-01-16 00:00:00+00:00,2067705583569.23,39.4873,78324639023.0,3.787997655246336
2022-01-17 00:00:00+00:00,2078540080706.28,39.2906,78423364533.0,3.7730022750560597
2022-01-18 00:00:00+00:00,2018661958726.47,39.6399,78444685550.0,3.8859743312094244
2022-01-19 00:00:00+00:00,2003711640480.49,40.0397,78383467334.0,3.911913558340343
2022-01-20 00:00:00+00:00,1963424131727.88,40.2492,78380618748.0,3.9920370480025826
2022-01-21 00:00:00+00:00,1905499311655.53,40.415,78282598757.0,4.108245974068956
2022-01-22 00:00:00+00:00,1701513109218.73,40.7876,78144826788.0,4.592666748473135
2022-01-23 00:00:00+00:00,1603209042332.5,41.394,78448336905.0,4.893206988831971
2022-01-24 00:00:00+00:00,1672150757366.93,40.9939,78310182894.0,4.683201113834494
2022-01-25 00:00:00+00:00,1648838906691.41,42.0438,78669518056.0,4.77120704374084
2022-01-26 00:00:00+00:00,1680833241296.57,41.6385,78269272661.0,4.656575723158844
2022-01-27 00:00:00+00:00,1677745802850.06,41.598,78752828372.0,4.693966644900504
2022-01-28 00:00:00+00:00,1672297868711.29,42.0597,78718773466.0,4.707222017011984
2022-01-29 00:00:00+00:00,1707020008438.95,41.9267,78249351193.0,4.583973872957595
2022-01-30 00:00:00+00:00,1731076093854.02,41.7428,78366901631.0,4.5270627853525545
2022-01-31 00:00:00+00:00,1715526833234.09,41.8779,78198382293.0,4.558272174943564
2022-02-01 00:00:00+00:00,1747697914960.14,41.6495,78062781790.0,4.466606106340774
2022-02-02 00:00:00+00:00,1781167366800.51,41.223,78016936425.0,4.380101380654694
2022-02-03 00:00:00+00:00,1706863307646.47,41.026,78038075904.0,4.5720167253231185
2022-02-04 00:00:00+00:00,1720302767061.88,41.0077,78064010106.0,4.537806460622406
2022-02-05 00:00:00+00:00,1879304102089.98,41.812,78063205577.0,4.1538357464438915
2022-02-06 00:00:00+00:00,1895043129794.91,41.4431,78062854578.0,4.1193180962825
2022-02-07 00:00:00+00:00,1934046813498.54,41.5127,78163472784.0,4.04144678600661
2022-02-08 00:00:00+00:00,2010523948074.08,41.3888,78096593702.0,3.8843901251119264
2022-02-09 00:00:00+00:00,1999216084043.86,41.7715,78040221425.0,3.903541095325037
2022-02-10 00:00:00+00:00,2031874561528.74,41.3526,78012911279.0,3.8394550901953672
2022-02-11 00:00:00+00:00,1968237227424.53,41.8997,78515301962.0,3.989117819132937
2022-02-12 00:00:00+00:00,1893201871382.25,42.4322,78510632875.0,4.146976297761549
2022-02-13 00:00:00+00:00,1891821619436.48,42.2879,78531121017.0,4.151084870273984
2022-02-14 00:00:00+00:00,1878359557297.44,42.5012,78636273860.0,4.1864335054754305
2022-02-15 00:00:00+00:00,1899897565889.97,42.496,78558940144.0,4.134903984005085
2022-02-16 00:00:00+00:00,2006110544466.53,42.0733,78623518666.0,3.919201705153679
2022-02-17 00:00:00+00:00,1983350838637.84,42.0084,78732790424.0,3.969685488326083
2022-02-18 00:00:00+00:00,1841059855052.45,41.721,78772769798.0,4.278664247760474
2022-02-19 00:00:00+00:00,1813268592522.52,41.8544,78727591077.0,4.341750108155709
2022-02-20 00:00:00+00:00,1815074513996.24,41.9095,79138436958.0,4.360065459999288
2022-02-21 00:00:00+00:00,1735862785646.88,41.9233,79163080615.0,4.560445748913235
2022-02-22 00:00:00+00:00,1674156716081.72,42.03,79390647858.0,4.7421276094038465
2022-02-23 00:00:00+00:00,1723289051013.58,42.096,79377609211.0,4.606169183533824
2022-02-24 00:00:00+00:00,1689631859713.11,41.8424,79629945704.0,4.71285772970218
2022-02-25 00:00:00+00:00,1710733287020.27,42.4983,79631571239.0,4.654820938084457
2022-02-26 00:00:00+00:00,1776643564418.71,41.8718,79474403713.0,4.473289145029087
2022-02-27 00:00:00+00:00,1779018648489.38,41.6992,79679402405.0,4.4788402006161245
2022-02-28 00:00:00+00:00,1709714818781.76,41.834,79854422104.0,4.670628178850287
2022-03-01 00:00:00+00:00,1908897877352.67,42.9267,79537958060.0,4.166695295942504
2022-03-02 00:00:00+00:00,1944935693858.79,43.2792,79425591344.0,4.083712978006902
2022-03-03 00:00:00+00:00,1929361073402.29,43.1965,79854759317.0,4.138922486716385
2022-03-04 00:00:00+00:00,1873577424734.18,42.9973,79609484426.0,4.2490629623857075
2022-03-05 00:00:00+00:00,1749503595810.7,42.4689,79843809462.0,4.563797962644443
2022-03-06 00:00:00+00:00,1773221304629.7,42.1674,79862020238.0,4.503781904124906
2022-03-07 00:00:00+00:00,1723621761763.7,42.3183,80091190392.0,4.6466801573708665
2022-03-08 00:00:00+00:00,1702978646889.8,42.3966,79896920564.0,4.69159849478548
2022-03-09 00:00:00+00:00,1735324509581.52,42.3671,80070927071.0,4.614176001600381
2022-03-10 00:00:00+00:00,1840926736254.95,43.2686,80044018130.0,4.348028444240852
2022-03-11 00:00:00+00:00,1757146126223.41,42.5966,80042053180.0,4.5552303240728405
2022-03-12 00:00:00+00:00,1732014742949.07,42.5084,80132712134.0,4.626560626011733
2022-03-13 00:00:00+00:00,1735530252915.07,42.5209,80116438308.0,4.6162513256932876
2022-03-14 00:00:00+00:00,1696301916874.15,42.3333,80129528500.0,4.7237775128886375
2022-03-15 00:00:00+00:00,1754651434997.2,42.9104,80072305020.0,4.563430857145014
2022-03-16 00:00:00+00:00,1749724151838.29,42.6697,80062438312.0,4.575717734014533
2022-03-17 00:00:00+00:00,1825738833245.35,42.7761,80082861271.0,4.386326226552806
2022-03-18 00:00:00+00:00,1831023941249.34,42.4504,80158683653.0,4.377806420068233
2022-03-19 00:00:00+00:00,1877294040726.05,42.2608,80532285250.0,4.28980668467119
2022-03-20 00:00:00+00:00,1900933342870.07,42.146,80740243739.0,4.247400049130426
2022-03-21 00:00:00+00:00,1858489052537.3,42.1553,80827449077.0,4.3490947103858595
2022-03-22 00:00:00+00:00,1869269060178.52,41.713,80724926155.0,4.3185289841201655
2022-03-23 00:00:00+00:00,1917114273924.95,41.9801,80845440415.0,4.2170381554503455
2022-03-24 00:00:00+00:00,1951616316096.99,41.7377,80751116254.0,4.137653266575113
2022-03-25 00:00:00+00:00,1995485207938.21,41.8434,80927589777.0,4.0555344361894115
2022-03-26 00:00:00+00:00,1991293918291.93,42.3023,81291023435.0,4.0823216848233495
2022-03-27 00:00:00+00:00,2012084245260.48,42.0125,81304845677.0,4.040827110918234
2022-03-28 00:00:00+00:00,2103474483298.77,42.2824,81196385911.0,3.86010795736699
2022-03-29 00:00:00+00:00,2112204792356.44,42.3733,81349955673.0,3.8514236861589315
2022-03-30 00:00:00+00:00,2141883962333.05,42.0961,81664851060.0,3.8127579502974775
2022-03-31 00:00:00+00:00,2142202038307.02,41.738,81930453189.0,3.8245903852163985
2022-04-01 00:00:00+00:00,2082095621891.59,41.5615,82044965080.0,3.940499380401266
2022-04-02 00:00:00+00:00,2139468598908.0,41.1035,82105881308.0,3.837676390759249
2022-04-03 00:00:00+00:00,2129598041309.94,40.9215,82272678352.0,3.86329611297882
2022-04-04 00:00:00+00:00,2166647653492.07,40.7369,82388674421.0,3.8025875729360505
2022-04-05 00:00:00+00:00,2160036369638.58,41.017,82449008616.0,3.817019462028571
2022-04-06 00:00:00+00:00,2110999077617.25,41.0054,82412689459.0,3.903966151990069
2022-04-07 00:00:00+00:00,1980493912054.59,41.4613,82422893105.0,4.1617342322195485
2022-04-08 00:00:00+00:00,2013774280303.93,41.0586,82509660677.0,4.097264598321674
2022-04-09 00:00:00+00:00,1956014446768.46,41.0878,82582177981.0,4.22196155644118
2022-04-10 00:00:00+00:00,1986574058614.36,40.9331,82608650899.0,4.158347409238783
2022-04-11 00:00:00+00:00,1957656513477.26,40.9791,82714703438.0,4.22518980569677
2022-04-12 00:00:00+00:00,1827232552985.02,41.1216,82634863680.0,4.52240540181956
2022-04-13 00:00:00+00:00,1864839919149.3,40.9035,82881751671.0,4.444443237187291
2022-04-14 00:00:00+00:00,1910202868623.24,40.9671,82736682157.0,4.331303418920716
2022-04-15 00:00:00+00:00,1860534665195.87,40.8099,82795954521.0,4.45011619884457
2022-04-16 00:00:00+00:00,1884081931511.96,40.923,82766275586.0,4.39292337566131
2022-04-17 00:00:00+00:00,1885057863724.37,40.7707,82797938661.0,4.392328758408159
2022-04-18 00:00:00+00:00,1846230971848.56,40.9073,82811298303.0,4.485424606439368
2022-04-19 00:00:00+00:00,1892298042872.79,41.0268,82792973865.0,4.375260767025259
2022-04-20 00:00:00+00:00,1925877976585.35,40.9796,82787027489.0,4.298664219411467
2022-04-21 00:00:00+00:00,1914112895269.67,41.1053,83021908772.0,4.337356954084124
2022-04-22 00:00:00+00:00,1869964856358.09,41.2172,83120398074.0,4.445024610563205
2022-04-23 00:00:00+00:00,1851001110959.29,40.8326,83182809348.0,4.493936219459648
2022-04-24 00:00:00+00:00,1836887852587.82,40.8825,83198500617.0,4.529318461101988
2022-04-25 00:00:00+00:00,1828331719908.61,41.064,83221428016.0,4.5517685390351295
2022-04-26 00:00:00+00:00,1866741324696.47,41.2223,83139688331.0,4.453733746132095
2022-04-27 00:00:00+00:00,1758264083993.15,41.2418,83214573094.0,4.732768749106986
2022-04-28 00:00:00+00:00,1800422932555.41,41.4644,83154011772.0,4.6185821269214955
2022-04-29 00:00:00+00:00,1817880992312.91,41.6226,83139556788.0,4.573432317052869
2022-04-30 00:00:00+00:00,1755332617995.95,41.8469,83229249235.0,4.741508724997215
2022-05-01 00:00:00+00:00,1693345382417.17,42.3766,83424696945.0,4.926620275535002
2022-05-02 00:00:00+00:00,1736689493706.14,42.1501,83267550080.0,4.794613566890701
2022-05-03 00:00:00+00:00,1736808174629.35,42.213,83147512568.0,4.787374551927383
2022-05-04 00:00:00+00:00,1707255031148.14,42.077,83241023586.0,4.875722845579777
2022-05-05 00:00:00+00:00,1803486551946.1,41.8892,83185453774.0,4.61247984822712
2022-05-06 00:00:00+00:00,1677074080534.15,41.505,83270750871.0,4.965239868502301
2022-05-07 00:00:00+00:00,1655749859058.39,41.4295,83284503885.0,5.030017271592168
2022-05-08 00:00:00+00:00,1620601533242.5,41.6968,83355823233.0,5.143511314975844
2022-05-09 00:00:00+00:00,1565264594253.84,41.4185,83246318700.0,5.318354417879325
2022-05-10 00:00:00+00:00,1380631810481.0,41.7559,83173635948.0,6.024316933493155
2022-05-11 00:00:00+00:00,1415452718527.68,41.7182,82690895711.0,5.842010448573167
2022-05-12 00:00:00+00:00,1259685975101.05,43.731,79485744715.0,6.309965045742752
2022-05-14 00:00:00+00:00,1259895009983.04,44.2486,76734593140.0,6.090554572561801
2022-05-15 00:00:00+00:00,1290062500750.44,44.4245,75778562416.0,5.874022566497281
2022-05-16 00:00:00+00:00,1340727354741.77,44.4585,75778562416.0,5.65204865463458
2022-05-17 00:00:00+00:00,1276945482042.39,44.5311,75778562416.0,5.934361606009773
2022-05-18 00:00:00+00:00,1310623492596.71,44.2063,74235444120.0,5.664131960042844
2022-05-19 00:00:00+00:00,1226040356031.56,44.6101,74239609934.0,6.055233791349114
2022-05-20 00:00:00+00:00,1284446454170.97,44.9443,74227359934.0,5.778937665557193
2022-05-21 00:00:00+00:00,1247747612485.61,44.5702,73301536761.0,5.874708637188065
2022-05-22 00:00:00+00:00,1259469044786.43,44.5083,73301536752.0,5.820034803985981
2022-05-23 00:00:00+00:00,1294498240079.56,44.6067,73301536752.0,5.662544334358839
2022-05-24 00:00:00+00:00,1251603961234.32,44.2864,73301536751.0,5.856607922422259
2022-05-25 00:00:00+00:00,1269044934413.2,44.5116,73301536751.0,5.776118304659895
2022-05-26 00:00:00+00:00,1259528121492.91,44.7126,73301536751.0,5.819761821920752
2022-05-27 00:00:00+00:00,1215915464317.68,45.8416,73301737670.0,6.028522526533851
2022-05-28 00:00:00+00:00,1184959234425.29,46.0219,72563691346.0,6.123728921458946
2022-05-29 00:00:00+00:00,1209009255029.13,45.7336,72563691346.0,6.0019136366538115
2022-05-30 00:00:00+00:00,1224305629472.27,45.8227,72563691346.0,5.926926218355964
2022-05-31 00:00:00+00:00,1313815238862.78,46.0102,72563691346.0,5.523127544844899
2022-06-01 00:00:00+00:00,1309096207704.8,46.2762,72564891346.0,5.543128986159535
2022-06-02 00:00:00+00:00,1234102908925.65,46.0094,72643774670.0,5.886362810151719
2022-06-03 00:00:00+00:00,1257315278519.81,46.1783,72564891346.0,5.771415697057934
2022-06-04 00:00:00+00:00,1224144161697.26,46.2449,72569891345.0,5.928214471437971
2022-06-05 00:00:00+00:00,1233065389887.51,46.1115,72569891345.0,5.8853238392832035
2022-06-06 00:00:00+00:00,1234089501735.15,46.1904,72569891345.0,5.880439890539994
2022-06-07 00:00:00+00:00,1276723377196.49,46.8338,72446991345.0,5.674446997601288
2022-06-08 00:00:00+00:00,1261682263786.71,47.0657,72446991345.0,5.742094774920868
2022-06-09 00:00:00+00:00,1238829879210.49,46.4924,72456991345.0,5.848824972737746
2022-06-10 00:00:00+00:00,1237318651528.38,46.3917,72523923241.0,5.861378000842053
2022-06-11 00:00:00+00:00,1187216558811.33,46.7029,72521423239.0,6.108525247627123
2022-06-12 00:00:00+00:00,1139214785477.76,47.473,72521423239.0,6.365913097641743
2022-06-13 00:00:00+00:00,1081333363726.9,47.1652,72320423093.0,6.688078396447697
2022-06-14 00:00:00+00:00,944917063345.24,45.376,71625572083.0,7.580090873735284
2022-06-15 00:00:00+00:00,943479821065.54,44.8693,70896956466.0,7.514411530914454
2022-06-16 00:00:00+00:00,968860131733.83,44.4301,70065257821.0,7.2317206092085
2022-06-17 00:00:00+00:00,880972456707.04,44.1221,69250758856.0,7.860717815724942
2022-06-18 00:00:00+00:00,891411077791.7,43.7969,68257437389.0,7.657234590139346
2022-06-19 00:00:00+00:00,839650962999.44,43.1871,68199671483.0,8.12238352462242
2022-06-20 00:00:00+00:00,901399351176.46,43.4868,67950741493.0,7.538361482545356
2022-06-21 00:00:00+00:00,906369414385.51,43.3419,67521526405.0,7.449669564454299
2022-06-22 00:00:00+00:00,913620025532.34,43.2466,67007466804.0,7.334281750770151
2022-06-23 00:00:00+00:00,883095045011.47,43.1704,67006166804.0,7.587650636532526
2022-06-24 00:00:00+00:00,929596227295.69,43.267,67003866803.0,7.207846249325097
2022-06-25 00:00:00+00:00,955238172988.68,42.4017,66893892036.0,7.002849543450219
2022-06-26 00:00:00+00:00,965084267347.38,42.4985,66893892036.0,6.931404261709065
2022-06-27 00:00:00+00:00,941715698414.9,42.5996,66893702036.0,7.1033861014099875
2022-06-28 00:00:00+00:00,934175654099.83,42.3442,66861361158.0,7.15725793800819
2022-06-29 00:00:00+00:00,908640044126.71,42.5861,66851361158.0,7.357298590362101
2022-06-30 00:00:00+00:00,896757783095.82,42.7807,66535427995.0,7.419554003234182
2022-07-01 00:00:00+00:00,884026054929.61,42.7439,66352543726.0,7.505722637471729
2022-07-02 00:00:00+00:00,868145263703.86,42.3618,66705660402.0,7.683698015860455
2022-07-03 00:00:00+00:00,870694559732.85,42.174,66703760402.0,7.660982793146924
2022-07-04 00:00:00+00:00,873658987260.77,42.1532,66554981805.0,7.617958811786897
2022-07-05 00:00:00+00:00,911335062932.44,42.3624,66516981805.0,7.2988502813625535
2022-07-06 00:00:00+00:00,905158500281.15,42.5774,66467721853.0,7.343213573352574
2022-07-07 00:00:00+00:00,923318115009.18,42.4769,66467721853.0,7.198788886790025
2022-07-08 00:00:00+00:00,958373466358.13,43.0949,66465721853.0,6.935263150134287
2022-07-09 00:00:00+00:00,956068228844.79,43.3738,66464371853.0,6.951844005245148
2022-07-10 00:00:00+00:00,956960576045.51,43.0712,66464371853.0,6.945361545368319
2022-07-11 00:00:00+00:00,927919604901.18,42.913,66464371853.0,7.162729562123888
2022-07-12 00:00:00+00:00,889072921269.98,42.8833,66464371853.0,7.475694092455338
2022-07-13 00:00:00+00:00,863767929602.87,42.7148,66424371853.0,7.690071554698677
2022-07-14 00:00:00+00:00,900717591718.62,42.8439,66404371853.0,7.372385358466987
2022-07-15 00:00:00+00:00,924679773714.18,42.4781,66349759464.0,7.175431035707808
2022-07-16 00:00:00+00:00,935912347104.07,42.5083,66349759464.0,7.0893134030448
2022-07-17 00:00:00+00:00,966593664917.4,41.8671,66349759464.0,6.864286604823744
2022-07-18 00:00:00+00:00,953526446987.57,41.6174,66369719504.0,6.96044873361181
2022-07-19 00:00:00+00:00,1037991980400.82,41.3531,66339719504.0,6.391159156969879
2022-07-20 00:00:00+00:00,1056348564754.33,42.2897,66319719504.0,6.278204156922736
2022-07-21 00:00:00+00:00,1038728376196.05,42.7167,66319719504.0,6.384702779264671
2022-07-22 00:00:00+00:00,1051291271400.53,42.0842,66284219403.0,6.3050289873230065
2022-07-23 00:00:00+00:00,1031757201913.72,42.0438,66284219403.0,6.424400942397587
2022-07-24 00:00:00+00:00,1029480335962.46,41.6834,66284219403.0,6.438609567129902
2022-07-25 00:00:00+00:00,1040257197191.05,41.5157,66289219402.0,6.372387480807359
2022-07-26 00:00:00+00:00,978521062470.84,41.7031,66289219402.0,6.774429487967759
2022-07-27 00:00:00+00:00,976010072010.68,41.5787,66289219401.0,6.791858127492216
2022-07-28 00:00:00+00:00,1054678227732.53,41.5412,66279219400.0,6.284307161862513
2022-07-29 00:00:00+00:00,1095068233082.87,41.6027,66366919400.0,6.060528229657598
2022-07-30 00:00:00+00:00,1098632382007.06,41.3935,66489919400.0,6.052062590630313
2022-07-31 00:00:00+00:00,1092674957538.31,41.3647,66630919400.0,6.097963437371435
2022-08-01 00:00:00+00:00,1082465015425.74,41.1967,66630919400.0,6.15548017261266
2022-08-02 00:00:00+00:00,1076452655518.82,41.3834,66740569600.0,6.200046909432624
2022-08-03 00:00:00+00:00,1064857531037.37,41.2411,66845569599.0,6.277419058480052
2022-08-04 00:00:00+00:00,1063605530517.46,41.0537,66859367154.0,6.286105631800535
2022-08-05 00:00:00+00:00,1062431553531.93,40.7079,66909367154.0,6.297757905586256
2022-08-06 00:00:00+00:00,1101827326982.49,40.4017,66909367154.0,6.072581929624197
2022-08-07 00:00:00+00:00,1088158476453.97,40.3353,66909367154.0,6.148862376373752
2022-08-08 00:00:00+00:00,1097375715084.31,40.3736,66909367153.0,6.097215951954927
2022-08-09 00:00:00+00:00,1124714161841.73,40.4696,66909367153.0,5.9490108174182925
2022-08-10 00:00:00+00:00,1095020263036.44,40.4396,66950804389.0,6.114115569272531
2022-08-11 00:00:00+00:00,1140268140392.0,40.152,67190804388.0,5.892544219020381
2022-08-12 00:00:00+00:00,1142713417538.08,40.0835,67332804384.0,5.892361404932587
2022-08-13 00:00:00+00:00,1167053952302.46,39.9787,67470804384.0,5.781292651542635
2022-08-14 00:00:00+00:00,1171016455089.17,39.8846,67717804384.0,5.782822614464752
2022-08-15 00:00:00+00:00,1162168587472.8,40.0127,67409100679.0,5.800285897038813
2022-08-16 00:00:00+00:00,1149666537328.04,40.1383,67560100679.0,5.876495356298498
2022-08-17 00:00:00+00:00,1141282193913.31,40.0174,67560100679.0,5.919666585469549
2022-08-18 00:00:00+00:00,1114499232189.02,40.0477,67543600679.0,6.060443895177539
2022-08-19 00:00:00+00:00,1104495345759.08,40.1951,67543600678.0,6.115335925800547
2022-08-20 00:00:00+00:00,1006016564920.7,39.6876,67543700675.0,6.713975001030345
2022-08-21 00:00:00+00:00,1007871584128.26,40.1632,67543700675.0,6.701617719822975
2022-08-22 00:00:00+00:00,1028890777487.94,40.0316,67543700675.0,6.564710477812763
2022-08-23 00:00:00+00:00,1024859097062.76,39.9431,67543700675.0,6.590535310520231
2022-08-24 00:00:00+00:00,1035973082047.57,39.7518,67543700675.0,6.5198316293606675
2022-08-25 00:00:00+00:00,1030737972278.74,39.7106,67543700675.0,6.552945801121056
2022-08-26 00:00:00+00:00,1043190518189.12,39.6113,67637693999.0,6.483733586498911
2022-08-27 00:00:00+00:00,973690272798.25,39.8135,67543810675.0,6.9368887172805485
2022-08-28 00:00:00+00:00,967810386075.82,39.6226,67543810675.0,6.979033460146035
2022-08-29 00:00:00+00:00,945298873089.24,39.7072,67543810675.0,7.145233385740384
2022-08-30 00:00:00+00:00,986070848659.7,39.3915,67548911675.0,6.850310174650708
2022-08-31 00:00:00+00:00,968007001645.5,39.1399,67548911675.0,6.9781428812162165
2022-09-01 00:00:00+00:00,977461199593.76,39.2565,67549551675.0,6.910714379565561
2022-09-02 00:00:00+00:00,985802356570.52,39.0746,67549551675.0,6.852240839634045
2022-09-03 00:00:00+00:00,980309974525.62,38.9889,67549551675.0,6.890631884847216
2022-09-04 00:00:00+00:00,976231655346.37,38.8841,67549551675.0,6.9194182861273035
2022-09-05 00:00:00+00:00,985415723231.75,38.8259,67549551675.0,6.854929354431835
2022-09-06 00:00:00+00:00,987113284853.46,38.4261,67544851675.0,6.842664637527114
2022-09-07 00:00:00+00:00,946025849261.37,38.1191,67544851675.0,7.139852650721658
2022-09-08 00:00:00+00:00,974419687085.15,37.8991,67544851675.0,6.931802853558065
2022-09-09 00:00:00+00:00,982761823144.78,37.6546,67545351175.0,6.873013336930289
2022-09-10 00:00:00+00:00,1046572404358.09,39.1108,67545351175.0,6.453958741290203
2022-09-11 00:00:00+00:00,1062501927930.7,39.068,67651351175.0,6.367174439556636
2022-09-12 00:00:00+00:00,1061255536784.28,39.2788,67723351175.0,6.381436781965739
2022-09-13 00:00:00+00:00,1066761673362.16,40.1574,67817481045.0,6.357322609018812
2022-09-14 00:00:00+00:00,987946352969.7,39.1245,67882481045.0,6.871069551595575
2022-09-15 00:00:00+00:00,1000185081910.45,38.7572,67880481045.0,6.78679199207228
2022-09-16 00:00:00+00:00,960062701109.57,39.3035,67920586030.0,7.0745989768691535
2022-09-17 00:00:00+00:00,959872374393.37,39.4569,67920695920.0,7.076013200497121
2022-09-18 00:00:00+00:00,978457022868.12,39.3998,67920695918.0,6.941612593152657
2022-09-19 00:00:00+00:00,929481300890.9,40.0182,67920695918.0,7.307376259522229
2022-09-20 00:00:00+00:00,944174134646.38,39.6524,67950695918.0,7.196839377881227
2022-09-21 00:00:00+00:00,921392471045.92,39.2755,67959715798.0,7.37576200518064
2022-09-22 00:00:00+00:00,900280246375.15,39.4536,67966741908.0,7.549509409059945
2022-09-23 00:00:00+00:00,943471693458.89,39.4196,67951850744.0,7.202320028794894
2022-09-24 00:00:00+00:00,944429439095.91,39.1467,67949850742.0,7.194804389732652
2022-09-25 00:00:00+00:00,932005271632.78,38.9289,67949850742.0,7.290715279212816
2022-09-26 00:00:00+00:00,923565129007.53,39.0093,67949850742.0,7.3573426072311126
2022-09-27 00:00:00+00:00,938830688985.02,39.2326,67951354338.0,7.237871017133339
2022-09-28 00:00:00+00:00,933295280804.14,39.2315,67951354336.0,7.280799092592881
2022-09-29 00:00:00+00:00,941494448042.75,39.5424,67951354336.0,7.217392994431611
2022-09-30 00:00:00+00:00,947311152505.71,39.5968,67951354326.0,7.173076570065021
2022-10-01 00:00:00+00:00,941591522475.82,39.5509,67944572025.0,7.215928606318226
2022-10-02 00:00:00+00:00,935479628742.66,39.5669,67944572025.0,7.263073394374341
2022-10-03 00:00:00+00:00,921169893135.97,39.6262,67944572025.0,7.375900203782604
2022-10-04 00:00:00+00:00,943902738005.02,39.8506,67944722036.0,7.198275765107341
2022-10-05 00:00:00+00:00,969001925491.8,40.2305,68057722036.0,7.0234867697975405
2022-10-06 00:00:00+00:00,963595096609.65,40.1095,68207722035.0,7.078462963851171
2022-10-07 00:00:00+00:00,956460304815.51,40.0011,68218071686.0,7.132347400361636
2022-10-08 00:00:00+00:00,946602239863.89,39.5896,68328206686.0,7.218259561251912
2022-10-09 00:00:00+00:00,939379283592.62,39.6318,68367006686.0,7.277891675930196
2022-10-10 00:00:00+00:00,943771480926.06,39.5092,68367006686.0,7.244021255962939
2022-10-11 00:00:00+00:00,924514904382.68,39.6992,68417006686.0,7.400314084896621
2022-10-12 00:00:00+00:00,917597919457.94,39.8162,68417006686.0,7.45609871548276
2022-10-13 00:00:00+00:00,921631155257.85,39.8627,68417006686.0,7.423469388560176
2022-10-14 00:00:00+00:00,923223867894.39,40.2641,68417606686.0,7.410727675622277
2022-10-15 00:00:00+00:00,919198303939.68,40.0311,68427706686.0,7.44428121687335
2022-10-16 00:00:00+00:00,912085340842.26,39.9951,68427706686.0,7.502335979088406
2022-10-17 00:00:00+00:00,926743260655.18,40.0769,68427706685.0,7.383674593611141
2022-10-18 00:00:00+00:00,936323400389.87,40.0525,68437706685.0,7.309195375924989
2022-10-19 00:00:00+00:00,930767744061.88,39.8486,68447706685.0,7.353897588488993
2022-10-20 00:00:00+00:00,918204960913.66,39.9865,68447706562.0,7.454512824009478
2022-10-21 00:00:00+00:00,913317057090.35,40.0231,68447806562.0,7.494418945821659
2022-10-22 00:00:00+00:00,919961107374.68,39.9842,68448256112.0,7.440342375704642
2022-10-23 00:00:00+00:00,923502090908.36,39.9065,68448256112.0,7.411813875231625
2022-10-24 00:00:00+00:00,941978088189.21,39.8578,68448256112.0,7.266438250552085
2022-10-25 00:00:00+00:00,931039149518.89,39.8701,68468256112.0,7.353961017362227
2022-10-26 00:00:00+00:00,970409904052.8,39.7347,68509056112.0,7.0598059465263265
2022-10-27 00:00:00+00:00,1002977060493.01,39.7428,68715726112.0,6.851176245070153
2022-10-28 00:00:00+00:00,983556747306.8,39.5836,68882440613.0,7.00340278297268
2022-10-29 00:00:00+00:00,1002936573726.14,39.4107,68972240613.0,6.877029158160247
2022-10-30 00:00:00+00:00,1024316330884.41,39.0078,69098240613.0,6.745791171106248
2022-10-31 00:00:00+00:00,1015953394662.61,38.9838,69258582034.0,6.817102280267513
2022-11-01 00:00:00+00:00,1016101923638.05,38.717,69415082044.0,6.831507787670191
2022-11-02 00:00:00+00:00,1016153400661.43,38.6958,69349642963.0,6.824721830174385
2022-11-03 00:00:00+00:00,994159124418.94,38.9298,69345491008.0,6.975290907130248
2022-11-04 00:00:00+00:00,1001545778865.78,38.7373,69345840658.0,6.923881276453687
2022-11-05 00:00:00+00:00,1055629736075.07,38.4576,69355840658.0,6.570091603886747
2022-11-06 00:00:00+00:00,1057293384002.61,38.6493,69421840658.0,6.565995939101481
2022-11-07 00:00:00+00:00,1029852768064.03,39.0128,69421840658.0,6.740948105475574
2022-11-08 00:00:00+00:00,1024292503555.91,38.6194,69514640653.0,6.786600547370463
2022-11-09 00:00:00+00:00,920048077204.3,38.6995,69853060833.0,7.592327245034704
2022-11-10 00:00:00+00:00,794331764018.25,38.3947,68261959893.0,8.593633414291068
2022-11-11 00:00:00+00:00,885027733402.98,38.1572,68261959893.0,7.712974104272307
2022-11-12 00:00:00+00:00,863039068527.06,37.9084,67410067070.0,7.810778159214515
2022-11-13 00:00:00+00:00,845298425854.95,38.1696,66458360239.0,7.862118064609291
2022-11-14 00:00:00+00:00,824954511603.51,38.0725,66372513988.0,8.045596824361631
2022-11-15 00:00:00+00:00,837175503257.68,38.1265,66048734131.0,7.889472861304017
2022-11-16 00:00:00+00:00,846463366113.21,38.3151,65960834131.0,7.7925208309816085
2022-11-17 00:00:00+00:00,833492490363.59,38.4188,65934833971.0,7.910669230173579
2022-11-18 00:00:00+00:00,830099250096.84,38.6188,65934833971.0,7.943006087923582
2022-11-19 00:00:00+00:00,833897922942.26,38.4659,65935083722.0,7.9068530941244966
2022-11-20 00:00:00+00:00,835426245135.27,38.4325,65878083722.0,7.885565494932853
2022-11-21 00:00:00+00:00,806933231060.66,38.7897,65875083722.0,8.163635005514841
2022-11-22 00:00:00+00:00,788135744889.64,38.4812,65496800213.0,8.310345094444523
2022-11-23 00:00:00+00:00,806539054321.71,38.5765,65498800213.0,8.120970691008104
2022-11-24 00:00:00+00:00,832845172232.41,38.3252,65352699103.0,7.846920566018839
2022-11-25 00:00:00+00:00,836021770978.78,38.1633,65352829103.0,7.817120483176841
2022-11-26 00:00:00+00:00,833281598804.3,38.102,65352829103.0,7.84282638627526
2022-11-27 00:00:00+00:00,835125705619.11,37.8866,65352829103.0,7.825508023914975
2022-11-28 00:00:00+00:00,834144584739.19,37.8829,65352829103.0,7.834712386634234
2022-11-29 00:00:00+00:00,820118905600.9,38.0054,65352829103.0,7.96870169150851
2022-11-30 00:00:00+00:00,833582469673.54,37.9182,65282829103.0,7.831598129524848
2022-12-01 00:00:00+00:00,865280321577.53,38.137,65352829103.0,7.552792716220846
2022-12-02 00:00:00+00:00,853750513601.95,38.2028,65352829103.0,7.654792361679316
2022-12-03 00:00:00+00:00,861937517393.97,38.1124,65434579462.0,7.591568778655622
2022-12-04 00:00:00+00:00,847609512975.23,38.3474,65486363712.0,7.726006222149813
2022-12-05 00:00:00+00:00,859993293104.71,38.292,65486363712.0,7.61475284017437
2022-12-06 00:00:00+00:00,852725946536.27,38.2714,65566863712.0,7.689089792368733
2022-12-07 00:00:00+00:00,857232871647.94,38.3287,65675363712.0,7.661321198024759
2022-12-08 00:00:00+00:00,841172408010.25,38.5101,65675362712.0,7.807598310000643
2022-12-09 00:00:00+00:00,859576210907.25,38.549,65697842712.0,7.643050363464391
2022-12-10 00:00:00+00:00,853451483785.05,38.6043,65698342212.0,7.697958637394174
2022-12-11 00:00:00+00:00,854202845056.21,38.5621,65698342212.0,7.6911874728861145
2022-12-12 00:00:00+00:00,850335384728.14,38.6809,65698342212.0,7.726168214557408
2022-12-13 00:00:00+00:00,851490261907.57,38.863,65782208212.0,7.725538524026093
2022-12-14 00:00:00+00:00,869455503217.59,39.3345,65977518212.0,7.588372029142067
2022-12-15 00:00:00+00:00,866697919250.39,39.5347,65962268212.0,7.610756498533075
2022-12-16 00:00:00+00:00,846593463891.11,39.4531,66030168212.0,7.799513110875244
2022-12-17 00:00:00+00:00,800566129517.81,39.9993,66042368212.0,8.249458199259324
2022-12-18 00:00:00+00:00,810569289635.72,39.8589,66147253212.0,8.1605920749511
2022-12-19 00:00:00+00:00,810215735889.84,39.7907,66147253212.0,8.16415311156011
2022-12-20 00:00:00+00:00,792401270999.2,39.9156,66200693212.0,8.3544405637465
2022-12-21 00:00:00+00:00,814606870523.14,39.9268,66233093212.0,8.13068187964891
2022-12-22 00:00:00+00:00,809581597303.54,39.9686,66237845405.0,8.181738026854525
2022-12-23 00:00:00+00:00,811200671225.28,39.9192,66237845405.0,8.165408111035076
2022-12-24 00:00:00+00:00,810659246046.12,39.8692,66237795405.0,8.170855476954815
2022-12-25 00:00:00+00:00,811438681199.83,39.9522,66237795405.0,8.163006883903758
2022-12-26 00:00:00+00:00,810083859115.48,40.0077,66237795405.0,8.176659077903883
2022-12-27 00:00:00+00:00,814903547383.63,39.9556,66240295405.0,8.128605602181313
2022-12-28 00:00:00+00:00,807372501990.81,39.8465,66240295405.0,8.204427973663385
2022-12-29 00:00:00+00:00,795301489646.14,40.0558,66247817799.0,8.329899875891869
2022-12-30 00:00:00+00:00,798316858352.07,40.1219,66256361891.0,8.299506793301354
2022-12-31 00:00:00+00:00,796250986547.87,40.1343,66256361891.0,8.321039849288365
2023-01-01 00:00:00+00:00,795532009425.33,40.0387,66256361891.0,8.328560146669867
2023-01-02 00:00:00+00:00,798558682944.8,40.0759,66256361891.0,8.296993484144476
2023-01-03 00:00:00+00:00,805985802601.42,39.86,66256361891.0,8.220537095957434
2023-01-04 00:00:00+00:00,806055809207.06,39.8378,66256361891.0,8.219823135593831
2023-01-06 00:00:00+00:00,817338901068.52,39.6606,66265138847.0,8.107425054695248
2023-01-07 00:00:00+00:00,824876026116.15,39.5699,66265138847.0,8.033345223888137
2023-01-08 00:00:00+00:00,824447232481.07,39.5986,66265138847.0,8.037523353384717
2023-01-09 00:00:00+00:00,837399569381.43,39.3052,66265138847.0,7.9132043136765295
2023-01-10 00:00:00+00:00,848143875052.55,39.0412,66265138847.0,7.8129596635823475
2023-01-11 00:00:00+00:00,858138218471.18,39.1532,66265235155.0,7.721976918013874
2023-01-12 00:00:00+00:00,880115750657.84,39.2424,66265235023.0,7.5291499979940415
2023-01-13 00:00:00+00:00,906463039393.48,40.0929,66265234655.0,7.310307400877424
2023-01-14 00:00:00+00:00,939407328290.8,40.8228,66265234518.0,7.053940556176622
2023-01-15 00:00:00+00:00,985176419016.13,41.0143,66348034455.0,6.734634850604733
2023-01-16 00:00:00+00:00,982748084895.92,40.931,66348038279.0,6.7512762730060905
2023-01-17 00:00:00+00:00,990375757999.46,41.1842,66477485277.0,6.712349806631297
2023-01-18 00:00:00+00:00,987748507121.63,41.2734,66477485276.0,6.730203568691808
2023-01-19 00:00:00+00:00,961289904211.85,41.4624,66477485276.0,6.915446108893039
2023-01-20 00:00:00+00:00,980831842034.48,41.4206,66477485276.0,6.777663859088198
2023-01-21 00:00:00+00:00,1042190218741.52,41.9249,66477485276.0,6.378632622005781
2023-01-22 00:00:00+00:00,1036917597874.56,42.3274,66690157269.0,6.431577340928471
2023-01-23 00:00:00+00:00,1039953113862.48,42.1001,66736957267.0,6.417304432036643
2023-01-24 00:00:00+00:00,1049043473416.26,42.1255,66847026263.0,6.372188375121336
2023-01-25 00:00:00+00:00,1024052655950.07,42.6018,67025890257.0,6.545160531302602
2023-01-26 00:00:00+00:00,1050702697969.12,42.3958,67181010253.0,6.393912415267676
2023-01-27 00:00:00+00:00,1049463666822.53,42.2981,67317930248.0,6.414507941167612
2023-01-28 00:00:00+00:00,1055230006832.02,42.156,67497094240.0,6.39643431318237
2023-01-29 00:00:00+00:00,1048839400594.33,42.3268,67612864237.0,6.446445871378101
2023-01-30 00:00:00+00:00,1081269921766.65,42.3846,67768684232.0,6.267508497903564
2023-01-31 00:00:00+00:00,1038184168292.52,42.4111,67803984798.0,6.531017026537383
2023-02-01 00:00:00+00:00,1052447330811.81,42.3839,67785626780.0,6.44076190755439
2023-02-02 00:00:00+00:00,1079368080356.3,42.3712,67807926779.0,6.282187514440539
2023-02-03 00:00:00+00:00,1074883020346.56,42.0986,68021246768.0,6.328246467794125
2023-02-04 00:00:00+00:00,1085135800599.04,41.6621,68021246768.0,6.268454762108987
2023-02-05 00:00:00+00:00,1083672907518.97,41.5142,68057281686.0,6.2802420558630265
2023-02-06 00:00:00+00:00,1065820780089.09,41.5292,68057281686.0,6.385433926359665
2023-02-07 00:00:00+00:00,1055615189036.14,41.5745,68175431684.0,6.458360242641975
2023-02-08 00:00:00+00:00,1087350031990.26,41.2588,68175031684.0,6.269833050835895
2023-02-09 00:00:00+00:00,1072799678657.28,41.2435,68175031684.0,6.3548706287205565
2023-02-10 00:00:00+00:00,1015022886376.74,41.4578,68177031683.0,6.716797482898837
2023-02-11 00:00:00+00:00,1008850447625.1,41.3931,68312091683.0,6.77128030659164
2023-02-12 00:00:00+00:00,1021065764990.42,41.3144,68379291680.0,6.696854798636948
2023-02-13 00:00:00+00:00,1013799601952.38,41.4542,68404291680.0,6.747318853574878
2023-02-14 00:00:00+00:00,1006679733579.84,41.7827,69122316678.0,6.866366171115324
2023-02-15 00:00:00+00:00,1030129662052.34,41.6122,69484915674.0,6.745259187621522
2023-02-16 00:00:00+00:00,1103889918757.99,42.4809,69778380670.0,6.321135783947474
2023-02-17 00:00:00+00:00,1073316020438.25,42.4618,70146890659.0,6.535530013831159
2023-02-18 00:00:00+00:00,1114348219233.85,42.5333,70286590658.0,6.307417147067751
2023-02-19 00:00:00+00:00,1117148887398.39,42.559,70395855657.0,6.301385289917576
2023-02-20 00:00:00+00:00,1109583735636.79,42.3148,70395855657.0,6.3443481907744275
2023-02-21 00:00:00+00:00,1128772610999.91,42.4505,70432115656.0,6.239708066056682
2023-02-22 00:00:00+00:00,1107713462647.65,42.5731,70452425653.0,6.360166959116399
2023-02-23 00:00:00+00:00,1100428687615.49,42.4234,70583245569.0,6.414158987616568
2023-02-24 00:00:00+00:00,1094247702767.35,42.2368,70680398565.0,6.459268626861124
2023-02-25 00:00:00+00:00,1063198874005.93,42.115,70790878484.0,6.658291333330095
2023-02-26 00:00:00+00:00,1058520984537.45,42.2582,70839528483.0,6.692312152314608
2023-02-27 00:00:00+00:00,1078240731969.19,42.1796,70876378483.0,6.573335284186356
2023-02-28 00:00:00+00:00,1073293611797.83,42.3058,70919778481.0,6.607677312287846
2023-03-01 00:00:00+00:00,1056525760908.85,42.2972,70961078475.0,6.716455111700968
2023-03-02 00:00:00+00:00,1081249585434.97,42.2208,71055458455.0,6.571605613741391
2023-03-03 00:00:00+00:00,1070204199000.59,42.3506,71109278154.0,6.644458900498185
2023-03-04 00:00:00+00:00,1028052926302.48,41.9986,71351777828.0,6.9404770904768025
2023-03-05 00:00:00+00:00,1022767784265.27,42.2007,71435397827.0,6.984517788494614
2023-03-06 00:00:00+00:00,1024951173177.32,42.2682,71472117827.0,6.973221719961395
2023-03-07 00:00:00+00:00,1024529362847.64,42.2739,71584111032.0,6.987023859719814
2023-03-08 00:00:00+00:00,1017418783044.55,42.1713,71729084555.0,7.050104219656339
2023-03-09 00:00:00+00:00,994277359445.18,42.1855,71733132005.0,7.214599761683002
2023-03-10 00:00:00+00:00,944168313860.41,41.6565,71799456169.0,7.604518719277328
2023-03-11 00:00:00+00:00,940408550880.81,41.4604,72075147930.0,7.6642378317905155
2023-03-12 00:00:00+00:00,951967403420.31,41.8573,72120358309.0,7.575927290144578
2023-03-13 00:00:00+00:00,1013838148032.96,42.2199,72557454192.0,7.156709809428195
2023-03-14 00:00:00+00:00,1074729507891.88,43.4954,72892204290.0,6.782376751986706
2023-03-15 00:00:00+00:00,1093183678306.77,43.7508,73400359945.0,6.714366615744726
2023-03-16 00:00:00+00:00,1064655214409.96,44.2288,74246550264.0,6.973764769953999
2023-03-17 00:00:00+00:00,1088592130913.77,44.4637,75163840900.0,6.904683468261623
2023-03-18 00:00:00+00:00,1166253531968.25,45.4509,76173667892.0,6.531484433187015
2023-03-19 00:00:00+00:00,1145640894647.41,45.4814,76213483077.0,6.652475783038102
2023-03-20 00:00:00+00:00,1175626910203.8,46.086,76102599077.0,6.473363140675921
2023-03-21 00:00:00+00:00,1152833369209.93,46.5431,76849069864.0,6.666103872120469
2023-03-22 00:00:00+00:00,1182800706981.5,46.0186,77428990195.0,6.546241453693269
2023-03-23 00:00:00+00:00,1144997903838.9,46.0846,77776431260.0,6.792713855565544
2023-03-24 00:00:00+00:00,1185764476460.89,46.1724,78478753061.0,6.618409862912474
2023-03-25 00:00:00+00:00,1151301162287.42,46.149,79014941308.0,6.863099239039427
2023-03-26 00:00:00+00:00,1147888688788.54,46.2965,79078783060.0,6.88906370734067
2023-03-27 00:00:00+00:00,1166614358045.19,46.3824,79097783049.0,6.780113968555843
2023-03-28 00:00:00+00:00,1133247655824.84,46.2872,79448607421.0,7.010701236630658
2023-03-29 00:00:00+00:00,1149951260042.02,45.8374,79513544279.0,6.914514296553274
2023-03-30 00:00:00+00:00,1181645138837.99,46.3796,79633547900.0,6.739210045607287
2023-03-31 00:00:00+00:00,1172903467797.31,46.206,79665014575.0,6.792120303353638
2023-04-01 00:00:00+00:00,1187304591349.8,46.3692,79686510462.0,6.711547402626274
2023-04-02 00:00:00+00:00,1186182338347.54,46.394,79686510462.0,6.717897230961182
2023-04-03 00:00:00+00:00,1173729564560.52,46.4408,79795510453.0,6.798457912481558
2023-04-04 00:00:00+00:00,1168517121895.68,45.9907,79901325455.0,6.837839511104163
2023-04-05 00:00:00+00:00,1187283888063.25,45.8786,79997214449.0,6.7378337441683795
2023-04-06 00:00:00+00:00,1194470635423.77,45.6171,80100433550.0,6.705935765560469
2023-04-07 00:00:00+00:00,1183473039111.85,45.8227,80188035456.0,6.775653758549326
2023-04-08 00:00:00+00:00,1178722452763.51,45.8153,80193187657.0,6.803398668531968
2023-04-09 00:00:00+00:00,1175705519761.06,45.9793,80203187657.0,6.82170716297222
2023-04-10 00:00:00+00:00,1186469173909.93,46.1912,80203187657.0,6.759820602223971
2023-04-11 00:00:00+00:00,1224314269340.28,46.8487,80343238527.0,6.5623051645304145
2023-04-12 00:00:00+00:00,1234603276299.42,47.3691,80443266292.0,6.515717869558824
2023-04-13 00:00:00+00:00,1228187207745.42,47.0829,80570447403.0,6.56011126763834
2023-04-14 00:00:00+00:00,1257089294871.11,46.7895,80756955086.0,6.424122408446732
2023-04-15 00:00:00+00:00,1275619778482.57,46.2391,80896461591.0,6.34173779331263
2023-04-16 00:00:00+00:00,1272308854423.25,46.1019,80913461589.0,6.359577024690193
2023-04-17 00:00:00+00:00,1281350156306.89,45.777,80923461589.0,6.315483803602738
2023-04-18 00:00:00+00:00,1252121628040.14,45.5048,81052922317.0,6.473246727944998
2023-04-19 00:00:00+00:00,1281436072304.01,45.8989,81164195713.0,6.333846648086591
2023-04-20 00:00:00+00:00,1207742665879.22,46.1818,81291398302.0,6.730854229019141
2023-04-21 00:00:00+00:00,1192679746259.05,45.8332,81397398449.0,6.824748949104774
2023-04-22 00:00:00+00:00,1152874818412.54,45.7792,80620559312.0,6.993002017600758
2023-04-23 00:00:00+00:00,1173885720427.83,45.8612,81431518639.0,6.9369204533233235
2023-04-24 00:00:00+00:00,1164226275750.82,45.8694,81441518639.0,6.995334183337996
2023-04-25 00:00:00+00:00,1159583910036.04,45.9359,81528400004.0,7.030832292375123
2023-04-26 00:00:00+00:00,1182825744182.45,46.3176,81566488286.0,6.895900658839434
2023-04-27 00:00:00+00:00,1180847546468.08,46.5967,81581156971.0,6.908695133000833
2023-04-28 00:00:00+00:00,1210771940661.43,47.1286,81605185849.0,6.739930378996071
2023-04-29 00:00:00+00:00,1205188547671.96,47.126,81687767335.0,6.778007266397837
2023-04-30 00:00:00+00:00,1206623693405.96,46.9253,81697767321.0,6.770774332334726
2023-05-01 00:00:00+00:00,1201145917496.18,47.1431,81707767325.0,6.802484705215664
2023-05-02 00:00:00+00:00,1165408544465.5,46.6667,81790847851.0,7.018212474880416
2023-05-03 00:00:00+00:00,1182377779493.73,46.9668,81854781265.0,6.922895768562951
2023-05-04 00:00:00+00:00,1195915355366.97,46.9852,81975475257.0,6.85462185004269
2023-05-05 00:00:00+00:00,1185919033324.54,47.1072,82052222893.0,6.91887224905897
2023-05-06 00:00:00+00:00,1219932160469.87,46.8861,82068081639.0,6.727266015135677
2023-05-07 00:00:00+00:00,1187051646719.99,47.1537,82073081634.0,6.914027865660337
2023-05-08 00:00:00+00:00,1172950585268.7,46.9789,82078081629.0,6.997573696610375
2023-05-09 00:00:00+00:00,1142228138195.64,46.9594,82325354103.0,7.207435305616625
2023-05-10 00:00:00+00:00,1141816056349.67,46.9142,82466060394.0,7.222359497872184
2023-05-11 00:00:00+00:00,1142914575699.0,46.8119,82599114600.0,7.227059340763316
2023-05-12 00:00:00+00:00,1117071625654.42,46.8095,82713159758.0,7.404463407576369
2023-05-13 00:00:00+00:00,1123373193788.81,46.2251,82783885203.0,7.369223839478856
2023-05-14 00:00:00+00:00,1120563284619.52,46.309,82783885203.0,7.387702804407762
2023-05-15 00:00:00+00:00,1126129060708.0,46.3312,82804277277.0,7.353000660949177
2023-05-16 00:00:00+00:00,1134524450202.64,46.4194,82809277270.0,7.299029761342671
2023-05-17 00:00:00+00:00,1128065356726.9,46.4366,82832082711.0,7.342844296835659
2023-05-18 00:00:00+00:00,1139537975900.49,46.5906,82840018135.0,7.2696145180714895
2023-05-19 00:00:00+00:00,1122684786946.14,46.3071,82843573932.0,7.379059099691387
2023-05-20 00:00:00+00:00,1125750276154.75,46.2865,82895728300.0,7.363598309133777
2023-05-21 00:00:00+00:00,1132119586673.94,46.4295,82900728295.0,7.3226123168272785
2023-05-22 00:00:00+00:00,1118255293392.19,46.3625,82905728289.0,7.4138462638087095
2023-05-23 00:00:00+00:00,1123799321986.28,46.3114,82949208885.0,7.38114067717979
2023-05-24 00:00:00+00:00,1138323039474.38,46.3554,83013573950.0,7.292620027117389
2023-05-25 00:00:00+00:00,1107058187851.86,46.1032,83049248000.0,7.501796103522714
2023-05-26 00:00:00+00:00,1110074243461.14,46.23,83063200196.0,7.48267070290851
2023-05-27 00:00:00+00:00,1120278246898.01,46.2343,83098239535.0,7.417642872660836
2023-05-28 00:00:00+00:00,1126119219087.63,46.2549,83103239529.0,7.379612932663504
2023-05-29 00:00:00+00:00,1165912227241.03,46.6919,83103239529.0,7.127744060601571
2023-05-30 00:00:00+00:00,1155541150266.57,46.5511,83118939765.0,7.1930748416727015
2023-05-31 00:00:00+00:00,1157517351489.13,46.4001,83160474162.0,7.184382510984843
2023-06-01 00:00:00+00:00,1141386025717.69,46.2386,83198487627.0,7.289250591156114
2023-06-02 00:00:00+00:00,1130322801196.87,46.0125,83225841346.0,7.363015349055532
2023-06-03 00:00:00+00:00,1150072084709.49,45.9476,83128645073.0,7.228124756545015
2023-06-04 00:00:00+00:00,1143438619013.72,45.9179,83133645068.0,7.270494776510823
2023-06-05 00:00:00+00:00,1145085643469.01,45.9319,83138645060.0,7.260473968404095
2023-06-06 00:00:00+00:00,1089983827627.7,45.8095,83195143057.0,7.63269517842943
2023-06-07 00:00:00+00:00,1134368224163.94,46.5688,83266980941.0,7.340383763162091
2023-06-08 00:00:00+00:00,1097885285219.47,46.5452,83277591266.0,7.585272558722071
2023-06-09 00:00:00+00:00,1103969173108.02,46.5727,83297749826.0,7.545296721600538
2023-06-10 00:00:00+00:00,1099705595019.4,46.7098,83332664064.0,7.577724842122853
2023-06-11 00:00:00+00:00,1053854087683.9,47.5877,83343664057.0,7.908463328179323
2023-06-12 00:00:00+00:00,1055658271915.24,47.6645,83348664057.0,7.895420921183495
2023-06-13 00:00:00+00:00,1053321471181.85,47.7089,83478930155.0,7.925304139232517
2023-06-14 00:00:00+00:00,1055974909050.23,47.6222,83505217924.0,7.907878985411373
2023-06-15 00:00:00+00:00,1025169913018.33,47.548,83539459054.0,8.148840303754245
2023-06-16 00:00:00+00:00,1036376111963.25,47.8836,83544985808.0,8.061261239390909
2023-06-17 00:00:00+00:00,1061030715762.65,48.1489,83549735056.0,7.874393626384882
2023-06-18 00:00:00+00:00,1069223848966.28,48.1134,83156027042.0,7.777232720949388
2023-06-19 00:00:00+00:00,1062998307234.91,48.0784,83156027042.0,7.822780758542026
2023-06-20 00:00:00+00:00,1076488359786.43,48.3985,83159185882.0,7.7250427397559935
2023-06-21 00:00:00+00:00,1118136277429.04,49.1545,83166935125.0,7.437996316176049
2023-06-22 00:00:00+00:00,1171484161022.83,49.7216,83174169306.0,7.099897042857166
2023-06-23 00:00:00+00:00,1164511643979.7,49.8427,83184169317.0,7.143266428210149
2023-06-24 00:00:00+00:00,1190408236019.41,50.0612,83184169317.0,6.98786910238108
2023-06-25 00:00:00+00:00,1182714342718.72,50.1346,83189169317.0,7.033749935404693
2023-06-26 00:00:00+00:00,1187181553019.6,49.8396,83194169312.0,7.00770401126899
2023-06-27 00:00:00+00:00,1173770599195.32,50.0678,83216257484.0,7.089652572747094
2023-06-28 00:00:00+00:00,1188437057477.2,50.1377,83222640434.0,7.002696517278251
2023-06-29 00:00:00+00:00,1159129967797.16,50.3919,83307731669.0,7.187091524112704
2023-06-30 00:00:00+00:00,1173857798372.55,50.3527,83359863360.0,7.1013595919004056
2023-07-01 00:00:00+00:00,1194104821380.71,49.5523,83320859006.0,6.977683827593831
2023-07-02 00:00:00+00:00,1199536209909.9,49.5147,83320859006.0,6.946089523404919
2023-07-03 00:00:00+00:00,1203000452278.47,49.4296,83320859006.0,6.926087089010746
2023-07-04 00:00:00+00:00,1218521713154.76,49.6532,83331873579.0,6.838768048150187
2023-07-05 00:00:00+00:00,1204716166099.71,49.6144,83333734068.0,6.917291924270798
2023-07-06 00:00:00+00:00,1190972637821.09,49.7532,83334004999.0,6.997138502817441
2023-07-07 00:00:00+00:00,1165097671211.44,49.8569,83334319952.0,7.15256085486387
2023-07-08 00:00:00+00:00,1180115765334.86,49.9427,83337768993.0,7.061829986599048
2023-07-09 00:00:00+00:00,1179320427088.28,49.8927,83337768983.0,7.066592511142996
2023-07-10 00:00:00+00:00,1174873887113.13,49.8855,83329868983.0,7.0926649997946605
2023-07-11 00:00:00+00:00,1184948422383.82,49.8642,83328289818.0,7.032229272086317
2023-07-12 00:00:00+00:00,1189774023800.27,49.9998,83352634014.0,7.005753390695357
2023-07-13 00:00:00+00:00,1182243036977.16,49.9392,83357216574.0,7.050768240270921
2023-07-14 00:00:00+00:00,1256989265356.72,48.6498,83413240012.0,6.635954841533848
2023-07-15 00:00:00+00:00,1215343018636.36,48.4927,83593002993.0,6.8781407151038785
2023-07-16 00:00:00+00:00,1214770944438.23,48.4596,83617525941.0,6.8833985801058875
2023-07-17 00:00:00+00:00,1210039419682.48,48.5755,83628525930.0,6.911223268407612
2023-07-18 00:00:00+00:00,1207175878074.08,48.5272,83729629319.0,6.935992579025159
2023-07-19 00:00:00+00:00,1198817727279.92,48.4026,83784430445.0,6.988921546489328
2023-07-20 00:00:00+00:00,1202050942289.6,48.3641,83754595772.0,6.967641122802074
2023-07-21 00:00:00+00:00,1199821606876.71,48.2681,83798446907.0,6.984242192898837
2023-07-22 00:00:00+00:00,1202430059408.43,48.3431,83775338994.0,6.9671693865683695
2023-07-23 00:00:00+00:00,1191643148427.29,48.5744,83780338989.0,7.030656711245463
2023-07-24 00:00:00+00:00,1203080973493.21,48.6031,83780338989.0,6.963815473345846
2023-07-25 00:00:00+00:00,1171685588054.51,48.4062,83788525522.0,7.151110022708748
2023-07-26 00:00:00+00:00,1175578928225.96,48.3285,83789146039.0,7.127479408417463
2023-07-27 00:00:00+00:00,1182701156936.86,48.2497,83794928377.0,7.085046622768585
2023-07-28 00:00:00+00:00,1177880788379.4,48.2133,83800932183.0,7.114551235554018
2023-07-29 00:00:00+00:00,1184378628058.55,48.1282,83803836403.0,7.075763984391749
2023-07-30 00:00:00+00:00,1186925083706.07,48.0886,83803836403.0,7.060583481927083
2023-07-31 00:00:00+00:00,1181621186644.45,48.175,83797285742.0,7.091721669274251
2023-08-01 00:00:00+00:00,1176013336537.18,48.3305,83873378189.0,7.132009100846479
2023-08-02 00:00:00+00:00,1189867379623.23,48.5207,83874617419.0,7.049072766879179
2023-08-03 00:00:00+00:00,1169718673389.78,48.4727,83876255948.0,7.170634944634273
2023-08-04 00:00:00+00:00,1164656172414.18,48.7186,83876255948.0,7.20180409761067
2023-08-05 00:00:00+00:00,1160155487524.85,48.7389,83881700967.0,7.230211973220813
2023-08-06 00:00:00+00:00,1161697134650.26,48.6233,83881700967.0,7.220617014972099
2023-08-07 00:00:00+00:00,1160281982994.49,48.6806,83881700967.0,7.229423725990783
2023-08-08 00:00:00+00:00,1162687277885.27,48.8165,83557764340.0,7.186606917379996
2023-08-09 00:00:00+00:00,1182605780571.14,48.9599,83511223882.0,7.061628249581887
2023-08-10 00:00:00+00:00,1178625089431.3,48.7921,83512053052.0,7.085548560000153
2023-08-11 00:00:00+00:00,1174029082809.46,48.7606,83512552527.0,7.113329111673611
2023-08-12 00:00:00+00:00,1172831964140.99,48.7655,83387991626.0,7.109969217719551
2023-08-13 00:00:00+00:00,1174409648297.14,48.7316,83387991626.0,7.100417792625442
2023-08-14 00:00:00+00:00,1169116064432.26,48.7327,83387991626.0,7.132567429607123
2023-08-15 00:00:00+00:00,1173911487219.06,48.7437,83389050707.0,7.103521144046784
2023-08-16 00:00:00+00:00,1158906738926.79,48.977,83159126422.0,7.175653020967833
2023-08-17 00:00:00+00:00,1137568287868.92,49.0962,82994370395.0,7.295770397263684
2023-08-18 00:00:00+00:00,1064404161356.54,48.7247,82819461935.0,7.780828461761175
2023-08-19 00:00:00+00:00,1051146223087.08,48.2274,82823608782.0,7.879361307008059
2023-08-20 00:00:00+00:00,1056354911960.4,48.0801,82823608782.0,7.840509647301648
2023-08-21 00:00:00+00:00,1061887440957.66,48.0018,82823608782.0,7.799659887427031
2023-08-22 00:00:00+00:00,1053745017025.04,48.2552,82826097691.0,7.860165063919995
2023-08-23 00:00:00+00:00,1046007630054.52,48.4504,82832852959.0,7.918953034279739
2023-08-24 00:00:00+00:00,1064882221991.8,48.317,82822901509.0,7.7776583925013405
2023-08-25 00:00:00+00:00,1054311694140.14,48.3078,82826258267.0,7.855955570572536
2023-08-26 00:00:00+00:00,1050573300381.91,48.2675,82828725797.0,7.884145329687101
2023-08-27 00:00:00+00:00,1048640170544.89,48.286,82828725797.0,7.8986794635152
2023-08-28 00:00:00+00:00,1053098943196.97,48.2337,82828725797.0,7.8652368167373465
2023-08-29 00:00:00+00:00,1052892008490.65,48.2721,82835281925.0,7.86740532333859
2023-08-30 00:00:00+00:00,1102884983370.28,48.9507,82836705499.0,7.5109106342042375
2023-08-31 00:00:00+00:00,1086855012886.33,48.9094,82839654049.0,7.621959973207934
2023-09-01 00:00:00+00:00,1046144517702.37,48.2708,82845642167.0,7.919139350742144
2023-09-02 00:00:00+00:00,1039655934927.76,48.3273,82877292012.0,7.971607647077847
2023-09-03 00:00:00+00:00,1042569720049.44,48.3222,82877292012.0,7.9493285118687185
2023-09-04 00:00:00+00:00,1044553481554.5,48.4188,82877292012.0,7.934231561668089
2023-09-05 00:00:00+00:00,1040971064456.37,48.2974,82882641165.0,7.962050434925787
2023-09-06 00:00:00+00:00,1041166631106.19,48.231,82885039764.0,7.960785266037444
2023-09-07 00:00:00+00:00,1040848209981.33,48.1895,82888307993.0,7.963534663184635
2023-09-08 00:00:00+00:00,1053594075056.86,48.5181,82890066233.0,7.867362601533862
2023-09-09 00:00:00+00:00,1044137912140.25,48.3306,82993370803.0,7.948506594582136
2023-09-10 00:00:00+00:00,1043586526789.19,48.3396,82993370803.0,7.9527062368605215
2023-09-11 00:00:00+00:00,1035507857537.16,48.5997,82993370803.0,8.014750462675433
2023-09-12 00:00:00+00:00,1007169395785.06,48.6729,83003117902.0,8.241227170857531
2023-09-13 00:00:00+00:00,1029085048058.72,48.9142,83008854473.0,8.066277381989858
2023-09-14 00:00:00+00:00,1041455228178.83,49.0705,83011848204.0,7.970755339061575
2023-09-15 00:00:00+00:00,1052417682131.76,49.1329,83019048236.0,7.888412523423018
2023-09-16 00:00:00+00:00,1059895167761.48,48.9193,83019048236.0,7.832760329621835
2023-09-17 00:00:00+00:00,1059874488138.3,48.8503,83019048236.0,7.832913157653727
2023-09-18 00:00:00+00:00,1054114116355.4,49.0559,83019048236.0,7.875717339128177
2023-09-19 00:00:00+00:00,1063330646470.47,49.0436,83068755239.0,7.812128383088686
2023-09-20 00:00:00+00:00,1077461946206.82,49.2221,83139501601.0,7.716235537940872
2023-09-21 00:00:00+00:00,1072488425423.51,49.3078,83168141273.0,7.754688936634269
2023-09-22 00:00:00+00:00,1052168523016.98,49.2154,83171325515.0,7.904753249651983
2023-09-23 00:00:00+00:00,1054710914959.55,49.1232,83178483701.0,7.886377444400491
2023-09-24 00:00:00+00:00,1054731717099.65,49.1253,83180866470.0,7.8864478162024545
2023-09-25 00:00:00+00:00,1043687188538.18,49.0422,83180866470.0,7.969903950484018
2023-09-26 00:00:00+00:00,1047178228939.27,48.9578,83185008082.0,7.943729709341028
2023-09-27 00:00:00+00:00,1045283965763.64,48.8935,83243973134.0,7.963766388895624
2023-09-28 00:00:00+00:00,1048964411622.17,48.9863,83248340765.0,7.936240719192816
2023-09-29 00:00:00+00:00,1073830375025.56,49.0688,83253698407.0,7.752965490943422
2023-09-30 00:00:00+00:00,1074492624286.71,48.8385,83221172676.0,7.745159975504295
2023-10-01 00:00:00+00:00,1076839086689.66,48.8356,83232172676.0,7.729304564144885
2023-10-02 00:00:00+00:00,1110774639228.37,49.1235,83234172676.0,7.493344710662542
2023-10-03 00:00:00+00:00,1087603651244.27,49.3464,83317986709.0,7.6606939130519
2023-10-04 00:00:00+00:00,1085141311636.84,49.2992,83342217736.0,7.680310098072445
2023-10-05 00:00:00+00:00,1090762128883.91,49.708,83344022138.0,7.6408980410127825
2023-10-06 00:00:00+00:00,1076484719293.35,49.6719,83379670190.0,7.745550744532068
2023-10-07 00:00:00+00:00,1095067311152.66,49.7804,83413066842.0,7.617163437579011
2023-10-08 00:00:00+00:00,1093098548403.85,49.9148,83451566842.0,7.634404689664674
2023-10-09 00:00:00+00:00,1091179431499.26,49.9415,83451566842.0,7.6478317344507785
2023-10-10 00:00:00+00:00,1070423866234.62,50.2774,83472069062.0,7.798038860589478
2023-10-11 00:00:00+00:00,1064750812935.9,50.191,83489869062.0,7.841259010809155
2023-10-12 00:00:00+00:00,1052280272133.4,49.8275,83497134325.0,7.93487595806746
2023-10-13 00:00:00+00:00,1044356785290.49,49.9867,83499157750.0,7.99527124504434
2023-10-14 00:00:00+00:00,1050094148491.25,49.9193,83504131933.0,7.952061446392852
2023-10-15 00:00:00+00:00,1051769112210.66,49.8339,83504131933.0,7.939397626679387
2023-10-16 00:00:00+00:00,1059425864624.88,50.0314,83508131933.0,7.882395052018901
2023-10-17 00:00:00+00:00,1095710203484.59,50.7984,83564073494.0,7.626475798824233
2023-10-18 00:00:00+00:00,1086436130507.98,51.044,83658558996.0,7.700274010298622
2023-10-19 00:00:00+00:00,1082263475877.94,51.0912,83792007688.0,7.742292847869353
2023-10-20 00:00:00+00:00,1094005072553.77,51.2516,83902581464.0,7.6693046100913955
2023-10-21 00:00:00+00:00,1121831459276.21,51.6474,84130259194.0,7.499367083918262
2023-10-22 00:00:00+00:00,1135772003962.88,51.4203,84131359672.0,7.407416222485938
2023-10-23 00:00:00+00:00,1145025658169.76,51.143,84142359672.0,7.348513028650854
2023-10-24 00:00:00+00:00,1229974525135.45,52.5076,84264122116.0,6.850883525959245
2023-10-25 00:00:00+00:00,1248180982644.24,53.0373,84233811435.0,6.7485254627540305
2023-10-26 00:00:00+00:00,1263748056115.35,53.3053,84368685906.0,6.67606850097494
2023-10-27 00:00:00+00:00,1259755328202.72,52.9391,84487655718.0,6.706671829563736
2023-10-28 00:00:00+00:00,1249435415222.27,52.9916,84515238111.0,6.764274253900915
2023-10-29 00:00:00+00:00,1255780027773.15,53.0076,84515238111.0,6.730098921932148
2023-10-30 00:00:00+00:00,1271072550582.4,53.0568,84515238111.0,6.649127783640319
2023-10-31 00:00:00+00:00,1277029061226.45,52.7601,84564598508.0,6.621979176165713
2023-11-01 00:00:00+00:00,1281992776894.48,52.8041,84778830833.0,6.613050585071907
2023-11-02 00:00:00+00:00,1308678434166.76,52.8894,84849462984.0,6.483599085058962
2023-11-03 00:00:00+00:00,1291414042107.93,52.8441,85174392534.0,6.5954364562253645
2023-11-04 00:00:00+00:00,1293261871779.75,52.4597,85329884145.0,6.598036020931435
2023-11-05 00:00:00+00:00,1309015796545.3,52.356,85339884144.0,6.51939299504448
2023-11-06 00:00:00+00:00,1320182625569.52,51.8582,85367984142.0,6.466376885180767
2023-11-07 00:00:00+00:00,1333308694649.49,51.3431,85712109690.0,6.42852701958361
2023-11-08 00:00:00+00:00,1335127572367.48,51.8445,86059207862.0,6.445766655046886
2023-11-09 00:00:00+00:00,1346084005957.99,51.7341,86236089163.0,6.406441855137186
2023-11-10 00:00:00+00:00,1398383575385.91,51.2729,86489374731.0,6.184953560194073
2023-11-11 00:00:00+00:00,1418844964727.99,51.382,86651790617.0,6.107206408813821
2023-11-12 00:00:00+00:00,1414865971470.37,51.286,86766265615.0,6.1324724295142925
2023-11-13 00:00:00+00:00,1415333472844.52,51.1702,86776580495.0,6.131175596419512
2023-11-14 00:00:00+00:00,1394265987209.0,51.153,87049399807.0,6.243385451957621
2023-11-15 00:00:00+00:00,1364502154648.59,50.9045,87295398005.0,6.397600597961811
2023-11-16 00:00:00+00:00,1440170833742.97,51.4041,87406916113.0,6.06920471273755
2023-11-17 00:00:00+00:00,1381335242906.16,51.1618,87502024032.0,6.334597229844544
2023-11-18 00:00:00+00:00,1392113702451.12,51.4016,87650408687.0,6.296210469925863
2023-11-19 00:00:00+00:00,1390730073576.85,51.4196,87665708687.0,6.303574672943585
2023-11-20 00:00:00+00:00,1420313224272.62,51.4451,87688283686.0,6.173869410453985
2023-11-21 00:00:00+00:00,1417560728672.17,51.6755,87999214565.0,6.207791510098402
2023-11-22 00:00:00+00:00,1351079062227.38,51.7786,88280778060.0,6.534094156892706
2023-11-23 00:00:00+00:00,1418535373207.75,51.5806,88445991835.0,6.235021946262509
2023-11-24 00:00:00+00:00,1416271368894.3,51.4812,88486990065.0,6.247883845458435
2023-11-25 00:00:00+00:00,1431273819704.62,51.5287,88683450806.0,6.1961205176171035
2023-11-26 00:00:00+00:00,1439185469599.81,51.3514,88700950806.0,6.163274482660307
2023-11-27 00:00:00+00:00,1426561110016.36,51.3557,88755950804.0,6.2216718359147
2023-11-28 00:00:00+00:00,1410404031441.63,51.6473,88897224190.0,6.302961577551265
2023-11-29 00:00:00+00:00,1423588669812.78,51.9648,89051834037.0,6.255446950748171
2023-11-30 00:00:00+00:00,1421170963266.71,52.0983,89253851478.0,6.280303621799358
2023-12-01 00:00:00+00:00,1422813233503.07,51.8418,89317080453.0,6.2774985746439
2023-12-02 00:00:00+00:00,1451579404781.26,52.1291,89499174101.0,6.165640942975953
2023-12-03 00:00:00+00:00,1485069548685.56,51.9898,89569124098.0,6.031308377259363
2023-12-04 00:00:00+00:00,1498312891719.88,52.1913,89619724097.0,5.9813757588461725
2023-12-05 00:00:00+00:00,1550068073028.41,52.9809,89786241693.0,5.792406363004574
2023-12-06 00:00:00+00:00,1601656435248.47,53.8383,90005799511.0,5.619544711974208
2023-12-07 00:00:00+00:00,1587619574933.8,53.9191,90040209002.0,5.671397003640148
2023-12-08 00:00:00+00:00,1602895300033.9,52.8398,90228000442.0,5.629063884590076
2023-12-09 00:00:00+00:00,1640137689741.01,52.6925,90307767897.0,5.506108935967459
2023-12-10 00:00:00+00:00,1628340641736.58,52.5407,90561569096.0,5.561586241526134
2023-12-11 00:00:00+00:00,1639844113351.76,52.2445,90517569096.0,5.519888650329487
2023-12-12 00:00:00+00:00,1555170606714.12,51.89,90606798292.0,5.82616453145554
2023-12-13 00:00:00+00:00,1563228562115.44,51.8981,90624753215.0,5.797281050978367
2023-12-14 00:00:00+00:00,1608677425918.02,52.1714,90631136003.0,5.633891204215771
2023-12-15 00:00:00+00:00,1625208845100.88,51.8103,90790069493.0,5.586363239818849
2023-12-16 00:00:00+00:00,1582494624018.18,51.8605,90884632596.0,5.743124255628176
2023-12-17 00:00:00+00:00,1599685273364.12,51.6779,90884632596.0,5.681407093588518
2023-12-18 00:00:00+00:00,1568028389888.06,51.6233,90884632596.0,5.796108870355859
2023-12-19 00:00:00+00:00,1599568036103.31,52.1696,90890026114.0,5.682160687295064
2023-12-20 00:00:00+00:00,1584407035121.43,52.2187,90903282682.0,5.737369291283986
2023-12-21 00:00:00+00:00,1625478027741.18,52.5687,90997478400.0,5.598197997573257
2023-12-22 00:00:00+00:00,1656956943109.25,51.831,91042674797.0,5.494570946796001
2023-12-23 00:00:00+00:00,1676335969152.05,51.3933,91166134358.0,5.438416644135784
2023-12-24 00:00:00+00:00,1676210411830.28,51.0832,91232934358.0,5.442809191143333
2023-12-25 00:00:00+00:00,1656582894748.92,50.8396,91288596668.0,5.510656723389394
2023-12-26 00:00:00+00:00,1686182449757.13,50.6382,91298065200.0,5.414483184376054
2023-12-27 00:00:00+00:00,1654251277637.67,50.331,91315808078.0,5.520068765393504
2023-12-28 00:00:00+00:00,1699092662960.57,50.0837,91427015093.0,5.3809316634734765
2023-12-29 00:00:00+00:00,1670123853309.12,49.9761,91497677422.0,5.478496534296542
2023-12-30 00:00:00+00:00,1651319430957.1,49.9243,91651728372.0,5.550211948930978
2023-12-31 00:00:00+00:00,1650457252142.8,50.0225,91677093371.0,5.554648158985941
2024-01-01 00:00:00+00:00,1647895239480.1,50.2434,91677928371.0,5.563334742075217
2024-01-02 00:00:00+00:00,1711920394246.82,50.5456,91682127370.0,5.3555134735302135
2024-01-03 00:00:00+00:00,1722002934615.59,51.142,92020117112.0,5.343783989110451
2024-01-04 00:00:00+00:00,1637244188137.75,51.2703,92411788606.0,5.644349772352034
2024-01-05 00:00:00+00:00,1683933362957.3,51.4041,92780444258.0,5.509745593202114
2024-01-06 00:00:00+00:00,1670815972358.85,51.7916,93320401318.0,5.5853189616239245
2024-01-07 00:00:00+00:00,1651760668915.86,52.1815,93528001318.0,5.662321610998735
2024-01-08 00:00:00+00:00,1635454867091.54,52.6463,93596751318.0,5.722979777757523
2024-01-09 00:00:00+00:00,1729897502023.57,53.2095,94063288707.0,5.437506476364539
2024-01-10 00:00:00+00:00,1705891985197.72,52.9863,94368207275.0,5.53189815614629
2024-01-11 00:00:00+00:00,1769019931447.03,51.664,94591242888.0,5.347098763925507
2024-01-12 00:00:00+00:00,1774422173721.75,51.2,94980329573.0,5.352746994464352
2024-01-13 00:00:00+00:00,1674602580778.05,50.1176,94982958944.0,5.671970175745772
2024-01-14 00:00:00+00:00,1689693799791.85,49.691,94982958944.0,5.62131191791677
2024-01-15 00:00:00+00:00,1645890473684.53,49.7217,94982958938.0,5.77091613668368
2024-01-16 00:00:00+00:00,1674078332753.98,49.7643,95093844052.0,5.68037003952878
2024-01-17 00:00:00+00:00,1699949742503.76,49.7445,95101372849.0,5.594363790363035
2024-01-18 00:00:00+00:00,1683643666920.57,49.7612,95137139323.0,5.650669508768943
2024-01-19 00:00:00+00:00,1630908410094.85,49.603,95033236391.0,5.82701246757769
2024-01-20 00:00:00+00:00,1639959782989.59,49.7512,95033236391.0,5.794851640676072
2024-01-21 00:00:00+00:00,1642051980365.67,49.7462,95033236391.0,5.787468212171759
2024-01-22 00:00:00+00:00,1634220237273.51,49.8443,94902945511.0,5.807231078556069
2024-01-23 00:00:00+00:00,1556200458260.09,49.78,94865026114.0,6.0959387083116425
2024-01-24 00:00:00+00:00,1552061251441.3,50.3555,95563944196.0,6.1572276292096
2024-01-25 00:00:00+00:00,1561892695798.95,50.3104,95540986301.0,6.117000646585918
2024-01-26 00:00:00+00:00,1553151153442.3,50.4185,95543581705.0,6.151595837484562
2024-01-27 00:00:00+00:00,1612314125133.8,50.8585,96023872796.0,5.9556553713149
2024-01-28 00:00:00+00:00,1622950425700.9,50.8987,96022872795.0,5.916562285230051
2024-01-29 00:00:00+00:00,1618249953970.65,50.9403,96022872795.0,5.933747908312411
2024-01-30 00:00:00+00:00,1663411086072.74,51.0465,96040095474.0,5.773683744091641
2024-01-31 00:00:00+00:00,1654099236635.1,50.9274,96187066652.0,5.8150723077335655
2024-02-01 00:00:00+00:00,1628623575395.08,51.2768,96206404754.0,5.907221669111706
2024-02-02 00:00:00+00:00,1645573465455.66,51.3476,96208938476.0,5.846529522725363
2024-02-03 00:00:00+00:00,1654644834611.77,51.198,96218466557.0,5.815052544467996
2024-02-04 00:00:00+00:00,1647007757572.07,51.2095,96218466557.0,5.842016597349855
2024-02-05 00:00:00+00:00,1632931794935.99,51.1573,96219105918.0,5.892414258598703
2024-02-06 00:00:00+00:00,1636654079824.89,51.1363,96223618245.0,5.879288692164885
2024-02-07 00:00:00+00:00,1655839211363.85,51.0551,96168527921.0,5.807842166135789
2024-02-08 00:00:00+00:00,1696992917817.09,51.2508,96173255742.0,5.667275021142192
2024-02-09 00:00:00+00:00,1721113607773.85,51.6457,96193378383.0,5.589019687516152
2024-02-10 00:00:00+00:00,1778770039518.05,52.0161,96208378383.0,5.408702431769496
2024-02-11 00:00:00+00:00,1795914117772.02,52.1993,96328878383.0,5.363779783774067
2024-02-12 00:00:00+00:00,1806535731763.11,52.465,96462258382.0,5.3396263736149026
2024-02-13 00:00:00+00:00,1870791944289.62,52.4016,96655458382.0,5.166553056689698
2024-02-14 00:00:00+00:00,1861545364916.97,52.4409,96787758381.0,5.19932311106031
2024-02-15 00:00:00+00:00,1936566880630.91,52.5338,96948454100.0,5.006202216389004
2024-02-16 00:00:00+00:00,1952129892510.32,52.2246,97334361243.0,4.98605966828539
2024-02-17 00:00:00+00:00,1953276393460.69,52.42,97537110494.0,4.993512992863749
2024-02-18 00:00:00+00:00,1939867589085.9,52.2804,97644529575.0,5.033566730243265
2024-02-19 00:00:00+00:00,1969694654317.08,51.9554,97674223122.0,4.958851003018282
2024-02-20 00:00:00+00:00,1978226747854.8,51.386,97694587262.0,4.938492888539726
2024-02-21 00:00:00+00:00,1992573712300.35,51.5117,97805414635.0,4.908496686031624
2024-02-22 00:00:00+00:00,1971740336161.7,51.6278,97828950767.0,4.9615534547231155
2024-02-23 00:00:00+00:00,1960266634598.79,51.3789,97830410207.0,4.990668538671683
2024-02-24 00:00:00+00:00,1941517982381.92,51.3108,97897857760.0,5.042335875761274
2024-02-25 00:00:00+00:00,1978931703345.18,51.1706,97897857760.0,4.947005376411615
2024-02-26 00:00:00+00:00,2000679858530.21,50.7777,97897857458.0,4.893229520984941
2024-02-27 00:00:00+00:00,2084913343439.5,51.3553,98106291060.0,4.70553327162045
2024-02-28 00:00:00+00:00,2147905041854.19,52.1897,98378060190.0,4.580186659698636
2024-02-29 00:00:00+00:00,2289759613158.26,53.6109,98695532864.0,4.310301059414245
2024-03-01 00:00:00+00:00,2262267045079.07,53.1198,98834150546.0,4.368810073107244
2024-03-02 00:00:00+00:00,2328429668644.46,52.6698,99173460259.0,4.259242252171427
2024-03-03 00:00:00+00:00,2345448294605.43,51.9502,99422260259.0,4.238944874106704
2024-03-04 00:00:00+00:00,2376725934234.39,52.1961,99525850149.0,4.187519003155913
2024-03-05 00:00:00+00:00,2515541965737.49,53.3657,100038817337.0,3.976829593763953
2024-03-06 00:00:00+00:00,2382473149905.46,52.6052,100434401358.0,4.215552286999976
2024-03-07 00:00:00+00:00,2495816953042.41,52.0284,100752179979.0,4.036841718547617
2024-03-08 00:00:00+00:00,2543584754426.72,51.7033,101039338406.0,3.972320490998245
2024-03-09 00:00:00+00:00,2584406400510.68,51.9208,101586455788.0,3.930746177068996
2024-03-10 00:00:00+00:00,2604521486537.47,51.6677,101812755784.0,3.909077207090081
2024-03-11 00:00:00+00:00,2611405017260.58,51.9393,102012255784.0,3.9064126441410094
2024-03-12 00:00:00+00:00,2724366347156.13,52.0166,102428495868.0,3.7597181441813614
2024-03-13 00:00:00+00:00,2702455243821.11,51.9789,102656982792.0,3.798656167450499
2024-03-14 00:00:00+00:00,2766421242865.48,51.9266,103124150069.0,3.7277095935752445
2024-03-15 00:00:00+00:00,2712374343100.34,51.7209,103256569684.0,3.806870166968697
2024-03-16 00:00:00+00:00,2638800135784.86,51.7269,103308077351.0,3.9149640759084248
2024-03-17 00:00:00+00:00,2482336255824.97,51.6973,103403077351.0,4.165554811857486
2024-03-18 00:00:00+00:00,2593967840121.63,51.8085,103403287141.0,3.986297961818658
2024-03-19 00:00:00+00:00,2543180164476.73,52.2326,103656755951.0,4.075871517043222
2024-03-20 00:00:00+00:00,2332165085284.75,52.2039,103767644673.0,4.449412493469787
2024-03-21 00:00:00+00:00,2553534036855.56,52.2743,103892152366.0,4.068563444485491
2024-03-22 00:00:00+00:00,2494253819480.45,51.6225,104042110539.0,4.171271974264104
2024-03-23 00:00:00+00:00,2431168688325.8,51.6022,104007508096.0,4.2780868557345455
2024-03-24 00:00:00+00:00,2443224857298.82,51.5451,103997508096.0,4.256567208102882
2024-03-25 00:00:00+00:00,2547654020781.56,51.8834,104002508096.0,4.0822853985524485
2024-03-26 00:00:00+00:00,2639960273520.6,52.0805,104231823342.0,3.948234539264428
2024-03-27 00:00:00+00:00,2645174287243.57,52.0332,104358215527.0,3.9452302266157107
2024-03-28 00:00:00+00:00,2612964988643.82,52.2671,104438284293.0,3.9969262790316042
2024-03-29 00:00:00+00:00,2662192649637.29,52.2776,104488442732.0,3.9249016312262754
2024-03-30 00:00:00+00:00,2643541867940.1,51.9992,104489471207.0,3.952631599075836
2024-03-31 00:00:00+00:00,2630605390148.13,52.0752,104489471207.0,3.9720693798592186
2024-04-01 00:00:00+00:00,2702110380158.71,51.9186,104430769909.0,3.8647854904752705
2024-04-02 00:00:00+00:00,2621751984020.23,52.2946,104642068610.0,3.9913031151611995
2024-04-03 00:00:00+00:00,2469110490474.71,52.1493,105262851088.0,4.263189172541332
2024-04-04 00:00:00+00:00,2482939356244.87,52.2787,106128909629.0,4.274325482902912
2024-04-05 00:00:00+00:00,2552830574787.12,52.8032,106577580717.0,4.174878731460174
2024-04-06 00:00:00+00:00,2525250173369.25,52.8568,106790630717.0,4.228912914973384
2024-04-07 00:00:00+00:00,2565997363251.02,52.8315,106876390717.0,4.165101346074327
2024-04-08 00:00:00+00:00,2595923117967.1,52.574,106877390717.0,4.1171246550898255
2024-04-09 00:00:00+00:00,2690115456643.2,52.397,107027788864.0,3.9785574481458212
2024-04-10 00:00:00+00:00,2590332383182.75,52.5234,107160428303.0,4.136937367525461
2024-04-11 00:00:00+00:00,2629244612586.56,52.8461,107238627404.0,4.078685828265417
2024-04-12 00:00:00+00:00,2606519159137.88,52.8876,107277465966.0,4.115736713076093
2024-04-13 00:00:00+00:00,2446022444649.57,54.0436,107330394387.0,4.387956235715438
2024-04-14 00:00:00+00:00,2295029087077.94,54.8254,107660374387.0,4.691024396735405
2024-04-15 00:00:00+00:00,2386104470436.41,54.2351,107695174387.0,4.513430812495101
2024-04-16 00:00:00+00:00,2312536134625.53,53.9905,108064841620.0,4.673001212908572
2024-04-17 00:00:00+00:00,2314115029263.64,54.2952,108741585291.0,4.699057044091796
2024-04-18 00:00:00+00:00,2237583484356.61,53.911,109092586086.0,4.875464394901371
2024-04-19 00:00:00+00:00,2312087835648.24,54.0763,109517186689.0,4.736722584689117
2024-04-20 00:00:00+00:00,2321310734155.77,54.1493,109818107184.0,4.730866297567844
2024-04-21 00:00:00+00:00,2391289833671.96,53.5058,109834873894.0,4.593122604688298
2024-04-22 00:00:00+00:00,2383944533885.66,53.6288,109832373894.0,4.6071698536954235
2024-04-23 00:00:00+00:00,2448876315429.2,53.7411,110176193831.0,4.499050978476635
2024-04-24 00:00:00+00:00,2444719597048.95,53.4884,110369006778.0,4.514587558885188
2024-04-25 00:00:00+00:00,2371015986187.0,53.3767,110369006778.0,4.654924615480652
2024-04-26 00:00:00+00:00,2377171562504.47,53.4126,110369006778.0,4.642870902498963
2024-04-27 00:00:00+00:00,2346041034187.67,53.508,110369006778.0,4.704478957087632
2024-04-28 00:00:00+00:00,2357067109046.17,52.9818,110347920449.0,4.681577373232037
2024-04-29 00:00:00+00:00,2347932832710.39,52.9245,110347842716.0,4.69978702877192
2024-04-30 00:00:00+00:00,2353093636672.24,53.424,110412147302.0,4.692212225695598
2024-05-01 00:00:00+00:00,2234609305389.39,53.4133,110402299123.0,4.9405638317505325
2024-05-02 00:00:00+00:00,2188656460739.3,52.4211,110350061982.0,5.041908767387147
2024-05-03 00:00:00+00:00,2210508623713.37,52.6565,110339251952.0,4.991577538686289
2024-05-04 00:00:00+00:00,2325108015887.24,53.2774,110503046757.0,4.752598417017328
2024-05-05 00:00:00+00:00,2351104742384.51,53.5227,110634861194.0,4.705654290918286
2024-05-06 00:00:00+00:00,2361950003809.62,53.3944,110636188433.0,4.684103738629244
2024-05-07 00:00:00+00:00,2331942992513.07,53.3457,110821623436.0,4.752329872205436
2024-05-08 00:00:00+00:00,2295857550237.38,53.4683,110787681018.0,4.825546820469986
2024-05-09 00:00:00+00:00,2262486691395.08,53.2602,110789599190.0,4.896806669023349
2024-05-10 00:00:00+00:00,2327651559053.77,53.3589,110739444345.0,4.757561066829842
2024-05-11 00:00:00+00:00,2250668759351.94,53.2022,110603634075.0,4.914256423359577
2024-05-12 00:00:00+00:00,2250568869932.33,53.2143,110603634065.0,4.914474537645481
2024-05-13 00:00:00+00:00,2263903579689.51,53.4662,110588634065.0,4.884865020628088
2024-05-14 00:00:00+00:00,2296221656028.04,53.9647,110595556329.0,4.8164146539888515
2024-05-15 00:00:00+00:00,2243947967000.46,54.0329,110683196744.0,4.932520645385238
2024-05-16 00:00:00+00:00,2391521965794.53,54.5738,110717237401.0,4.6295722550144625
2024-05-17 00:00:00+00:00,2355764734038.59,54.5516,110899115803.0,4.707563289347695
2024-05-18 00:00:00+00:00,2427531663542.14,54.4198,111028849260.0,4.573734337948529
2024-05-19 00:00:00+00:00,2429296554607.77,54.2811,111128449259.0,4.574511458809631
2024-05-20 00:00:00+00:00,2395126595314.28,54.5158,111128449259.0,4.639773508273291
2024-05-21 00:00:00+00:00,2615573718092.34,53.8069,111057749078.0,4.246018696005235
2024-05-22 00:00:00+00:00,2604361294724.86,53.0587,111423759590.0,4.278352616270603
2024-05-23 00:00:00+00:00,2570965883244.09,52.9744,111446156187.0,4.334797163717135
2024-05-24 00:00:00+00:00,2541932883977.79,52.6568,111590570266.0,4.389988853339647
2024-05-25 00:00:00+00:00,2547610708503.64,53.0021,111588108138.0,4.380108301693479
2024-05-26 00:00:00+00:00,2573187323023.6,53.0431,111588108133.0,4.336571501599014
2024-05-27 00:00:00+00:00,2557829022721.66,52.7643,111589908132.0,4.362680505253735
2024-05-28 00:00:00+00:00,2597544972957.73,52.6364,111606077061.0,4.296598450571511
2024-05-29 00:00:00+00:00,2565726025170.29,52.4616,111603568790.0,4.349785117161633
2024-05-30 00:00:00+00:00,2527402129678.35,52.684,111604510878.0,4.415779727628992
2024-05-31 00:00:00+00:00,2537683768904.6,53.0807,111616920065.0,4.398377821251535
2024-06-01 00:00:00+00:00,2519825642968.84,52.7744,111762088179.0,4.43531037517829
2024-06-02 00:00:00+00:00,2534191856410.43,52.6545,111830758178.0,4.4128765505703775
2024-06-03 00:00:00+00:00,2527418313923.05,52.8211,111790758178.0,4.423120524298123
2024-06-04 00:00:00+00:00,2553181907090.25,53.1059,112253386803.0,4.396607483832998
2024-06-05 00:00:00+00:00,2616428352349.35,53.1495,112254796393.0,4.290382967766111
2024-06-06 00:00:00+00:00,2641855435511.78,53.0347,112315084780.0,4.251371338123289
2024-06-07 00:00:00+00:00,2624002542274.16,53.151,112355387840.0,4.281832278356875
2024-06-08 00:00:00+00:00,2546857535177.09,53.6546,112376137266.0,4.412344849048896
2024-06-09 00:00:00+00:00,2533193929265.58,53.9207,112374987252.0,4.43609886924763
2024-06-10 00:00:00+00:00,2549432399899.93,53.8448,112403987892.0,4.40898091263028
2024-06-11 00:00:00+00:00,2525455364000.95,54.2512,112409287892.0,4.451050273718388
2024-06-12 00:00:00+00:00,2438116119633.84,54.4304,112411964316.0,4.610607485458166
2024-06-13 00:00:00+00:00,2486779961497.64,54.0922,112457053102.0,4.522195563867813
2024-06-14 00:00:00+00:00,2422127857891.97,54.3245,112453723055.0,4.642765768478915
2024-06-15 00:00:00+00:00,2399558954907.6,54.2257,112472971806.0,4.687235192782792
2024-06-16 00:00:00+00:00,2419640895422.37,53.9242,112472301806.0,4.648305540660278
2024-06-17 00:00:00+00:00,2442288500428.58,53.7876,112473915172.0,4.605267361012539
2024-06-18 00:00:00+00:00,2401046544002.34,54.5919,112465611554.0,4.684024632297607
2024-06-19 00:00:00+00:00,2354546170486.31,54.5436,112519098919.0,4.778801975913694
2024-06-20 00:00:00+00:00,2366746114029.34,54.1107,112519060290.0,4.754166897033095
2024-06-21 00:00:00+00:00,2357760699876.26,54.2113,112804377136.0,4.78438618227542
2024-06-22 00:00:00+00:00,2342469133752.69,53.9532,112804714097.0,4.815632892301306
2024-06-23 00:00:00+00:00,2342749758265.42,54.0702,112844714097.0,4.816763450679027
2024-06-24 00:00:00+00:00,2300610267516.85,54.1414,112844714097.0,4.904990457979581
2024-06-25 00:00:00+00:00,2230520379018.54,53.2762,112837386516.0,5.058792001068828
2024-06-26 00:00:00+00:00,2279168197877.6,53.4598,112732648639.0,4.946218920743917
2024-06-27 00:00:00+00:00,2251209730721.5,53.262,112636116562.0,5.003359528208008
2024-06-28 00:00:00+00:00,2290527323716.67,53.0357,112659805872.0,4.918509580981345
2024-06-29 00:00:00+00:00,2239560907950.68,53.1088,112690515631.0,5.031812942927189
2024-06-30 00:00:00+00:00,2249710371399.39,53.3678,112775515629.0,5.012890417482945
2024-07-01 00:00:00+00:00,2306953889585.33,53.5727,112739012075.0,4.886920912635345
2024-07-02 00:00:00+00:00,2311916483553.84,53.6054,112651358402.0,4.872639613211035
2024-07-03 00:00:00+00:00,2297948619115.12,53.2311,112497795679.0,4.89557489419933
2024-07-04 00:00:00+00:00,2219313450381.92,53.4547,112471997936.0,5.06787348657959
2024-07-05 00:00:00+00:00,2086926699007.72,53.8598,112355735371.0,5.3837892545254356
2024-07-06 00:00:00+00:00,2068016542791.24,54.0287,112245912309.0,5.427708627393262
2024-07-07 00:00:00+00:00,2140034481027.61,53.6949,112231905142.0,5.244397047663832
2024-07-08 00:00:00+00:00,2042484361089.75,53.921,112231905142.0,5.4948721899696515
2024-07-09 00:00:00+00:00,2086874335853.81,53.5826,112229273118.0,5.377864454501677
2024-07-10 00:00:00+00:00,2127519693665.83,53.7796,112271931338.0,5.277127712249256
2024-07-11 00:00:00+00:00,2130632979309.23,53.4371,112364578514.0,5.27376510197592
2024-07-12 00:00:00+00:00,2117203596483.9,53.4103,112371024626.0,5.307520958901532
2024-07-13 00:00:00+00:00,2143136663028.72,53.2807,112190715732.0,5.234883881527649
2024-07-14 00:00:00+00:00,2184698034864.01,53.4629,112469048012.0,5.148036306033516
2024-07-15 00:00:00+00:00,2235487391543.43,53.6361,112539048012.0,5.034206340761356
2024-07-16 00:00:00+00:00,2377311440200.79,53.7916,112864302779.0,4.74756066329565
2024-07-17 00:00:00+00:00,2378159542460.7,53.9952,113216677692.0,4.760684708934785
2024-07-18 00:00:00+00:00,2347458349055.82,53.8769,113624539190.0,4.840321841522827
2024-07-19 00:00:00+00:00,2345729682270.61,53.8012,113678352175.0,4.846182961071716
2024-07-20 00:00:00+00:00,2429223937336.48,54.1749,113859727368.0,4.687082389482847
2024-07-21 00:00:00+00:00,2446305800507.15,54.1664,114021327368.0,4.660959694587731
2024-07-22 00:00:00+00:00,2480571182912.81,54.2109,114066827367.0,4.5984097595238955
2024-07-23 00:00:00+00:00,2438970748615.08,54.6667,114307338921.0,4.686703970759268
2024-07-24 00:00:00+00:00,2400619048326.51,54.1912,114471818448.0,4.768429148631442
2024-07-25 00:00:00+00:00,2367659644777.78,54.4777,114453302193.0,4.834026818231393
2024-07-26 00:00:00+00:00,2345393393057.63,55.3367,114336302185.0,4.874930684269672
2024-07-27 00:00:00+00:00,2420506209109.66,55.3616,114381331841.0,4.72551284564038
2024-07-28 00:00:00+00:00,2415371874133.68,55.4316,114469974704.0,4.739227773986434
2024-07-29 00:00:00+00:00,2422253724674.67,55.5999,114469974704.0,4.725763182359203
2024-07-30 00:00:00+00:00,2396120180016.28,55.0149,114513725531.0,4.779131133991033
2024-07-31 00:00:00+00:00,2374705242028.52,55.0068,114518259273.0,4.82241994695629
2024-08-01 00:00:00+00:00,2326133820855.18,54.828,114547619142.0,4.924377871772128
2024-08-02 00:00:00+00:00,2329935456276.36,55.334,114553402686.0,4.916591246226029
2024-08-03 00:00:00+00:00,2191214261815.97,55.3128,114594788858.0,5.229739092836567
2024-08-04 00:00:00+00:00,2149874157221.39,55.6989,114579788856.0,5.329604454806272
2024-08-05 00:00:00+00:00,2051299308403.97,55.924,114579788856.0,5.58571771494184
2024-08-06 00:00:00+00:00,1907676295786.55,55.8642,114457553704.0,5.9998414802763085
2024-08-07 00:00:00+00:00,1977319473550.58,55.9473,114578293183.0,5.794627257539578
2024-08-08 00:00:00+00:00,1940974262187.04,56.0134,114966872515.0,5.923152859608673
2024-08-09 00:00:00+00:00,2158778820012.68,56.4288,115416775013.0,5.346391855573332
2024-08-10 00:00:00+00:00,2122501571994.94,56.6073,115574281399.0,5.445191792737835
2024-08-11 00:00:00+00:00,2129065315217.66,56.5002,115640681399.0,5.431523428259774
2024-08-12 00:00:00+00:00,2053476248580.97,56.4457,115640681399.0,5.6314594083526455
2024-08-13 00:00:00+00:00,2103681579522.86,55.6955,115889054746.0,5.508868636492268
2024-08-14 00:00:00+00:00,2130183445477.85,56.1623,116129081961.0,5.451600058555028
2024-08-15 00:00:00+00:00,2082894307755.6,55.653,116534312382.0,5.594826004761147
2024-08-16 00:00:00+00:00,2039663236575.86,55.7072,116709344091.0,5.721990865851413
2024-08-17 00:00:00+00:00,2068776806213.3,56.1999,116833969260.0,5.647490290354401
2024-08-18 00:00:00+00:00,2090410011920.08,56.169,116887299260.0,5.591596796488592
2024-08-19 00:00:00+00:00,2068731558937.02,55.7955,116888957760.0,5.6502718902814655
2024-08-20 00:00:00+00:00,2104286209496.39,55.8055,116995756969.0,5.559878520374855
2024-08-21 00:00:00+00:00,2092105964420.92,55.6939,117276576505.0,5.605670960240359
2024-08-22 00:00:00+00:00,2151071214186.33,56.142,117408263940.0,5.458130031478812
2024-08-23 00:00:00+00:00,2140944615895.16,55.6849,117648169338.0,5.49515239509405
2024-08-24 00:00:00+00:00,2257815451085.0,56.0515,117713064005.0,5.213582179554694
2024-08-25 00:00:00+00:00,2264200294830.6,55.9653,117842339087.0,5.204589865836784
2024-08-26 00:00:00+00:00,2256397901581.43,56.2779,117844216713.0,5.222670018900795
2024-08-27 00:00:00+00:00,2201246509885.14,56.3937,117979455231.0,5.3596657485288235
2024-08-28 00:00:00+00:00,2085987150563.27,56.309,117937170815.0,5.653782228867227
2024-08-29 00:00:00+00:00,2082152431598.38,55.9813,118086718409.0,5.671377206439677
2024-08-30 00:00:00+00:00,2086431434871.71,56.2013,118207965633.0,5.665557164128346
2024-08-31 00:00:00+00:00,2080581815978.75,56.1117,118210924869.0,5.681628281144573
2024-09-01 00:00:00+00:00,2070839343078.55,56.2327,118210924869.0,5.70835807539108
2024-09-02 00:00:00+00:00,2009407868097.39,56.3349,118211124869.0,5.882883547227688
2024-09-03 00:00:00+00:00,2074078109093.68,56.2907,118123924395.0,5.69524956061646
2024-09-04 00:00:00+00:00,2010418670748.81,56.4435,118124409888.0,5.87561245857326
2024-09-05 00:00:00+00:00,2027297100460.6,56.4743,118136891800.0,5.827310253300288
2024-09-06 00:00:00+00:00,1974526271998.48,56.1746,118118409375.0,5.9821138391563995
2024-09-07 00:00:00+00:00,1900955521605.02,56.0539,118173609123.0,6.216537303472694
2024-09-08 00:00:00+00:00,1918138161150.91,55.7568,118177509123.0,6.16105302091961
2024-09-09 00:00:00+00:00,1944195134890.39,55.7323,118177509123.0,6.078479829632051
2024-09-10 00:00:00+00:00,2010843076815.53,56.0264,118420988938.0,5.8891213493166905
2024-09-11 00:00:00+00:00,2031024882697.5,56.0596,118433539059.0,5.831220487151434
2024-09-12 00:00:00+00:00,2015741646724.72,56.1928,118434788760.0,5.875494458947102
2024-09-13 00:00:00+00:00,2045329928450.0,56.1404,118383833822.0,5.788006725727331
2024-09-14 00:00:00+00:00,2113952597260.69,56.5869,118608616138.0,5.610750983333111
2024-09-15 00:00:00+00:00,2097498134906.21,56.5118,119047660344.0,5.675698031041311
2024-09-16 00:00:00+00:00,2057410658749.32,56.8071,118812287090.0,5.774845511990534
2024-09-17 00:00:00+00:00,2027558160819.87,56.7041,118728250450.0,5.855726003045489
2024-09-18 00:00:00+00:00,2083060693121.4,57.1998,118853251348.0,5.70570275462796
2024-09-19 00:00:00+00:00,2124664753083.19,57.3762,118896720603.0,5.596022639828895
2024-09-20 00:00:00+00:00,2175120212584.88,57.1765,119067964666.0,5.474086626435301
2024-09-21 00:00:00+00:00,2198584340003.1,56.7851,119161364466.0,5.419913273185234
2024-09-22 00:00:00+00:00,2221582367264.55,56.3715,119157360693.0,5.363625605280587
2024-09-23 00:00:00+00:00,2213827759436.73,56.7862,119157360693.0,5.3824133420080305
2024-09-24 00:00:00+00:00,2225346983560.31,56.2265,119238696383.0,5.358206934193751
2024-09-25 00:00:00+00:00,2257772231906.25,56.2591,119229928664.0,5.280866111252219
2024-09-26 00:00:00+00:00,2216998201365.29,56.2726,119274429856.0,5.379996690234004
2024-09-27 00:00:00+00:00,2284040590283.76,56.3878,119347429356.0,5.225276199718183
2024-09-28 00:00:00+00:00,2315963922823.78,56.1325,119405929000.0,5.155776729648371
2024-09-29 00:00:00+00:00,2312128500905.48,56.3107,119406925003.0,5.1643723502494625
2024-09-30 00:00:00+00:00,2306181620068.54,56.2292,119622396997.0,5.187032797245379
2024-10-01 00:00:00+00:00,2229803903919.32,56.1202,119650346135.0,5.3659582317840115
2024-10-02 00:00:00+00:00,2136953003242.0,56.2534,119650346135.0,5.599109851900199
2024-10-03 00:00:00+00:00,2110770733745.94,56.7689,119633735737.0,5.6677749896924405
2024-10-04 00:00:00+00:00,2106577056233.18,56.9929,119635112439.0,5.679123490166667
2024-10-05 00:00:00+00:00,2157919831897.52,56.8438,119653257237.0,5.544842559409887
2024-10-06 00:00:00+00:00,2156377087100.65,56.8935,119670028849.0,5.5495872945813
2024-10-07 00:00:00+00:00,2184731052744.7,56.828,119670467362.0,5.477583486152988
2024-10-08 00:00:00+00:00,2165360275189.33,56.7962,119850367555.0,5.534892688678368
2024-10-09 00:00:00+00:00,2165508168659.59,56.7049,119841275909.0,5.534094844037442
2024-10-10 00:00:00+00:00,2114888906888.61,56.6185,119849377370.0,5.6669348909830175
2024-10-11 00:00:00+00:00,2110603716102.6,56.4506,119725377367.0,5.672565458573273
2024-10-12 00:00:00+00:00,2177354952137.5,56.7188,119729627115.0,5.4988566286567995
2024-10-13 00:00:00+00:00,2203077262237.06,56.6981,119731227066.0,5.4347266488703125
2024-10-14 00:00:00+00:00,2192108898362.88,56.6712,119731227066.0,5.461919668106734
2024-10-15 00:00:00+00:00,2297371509584.36,56.8389,119759196663.0,5.212878986414644
2024-10-16 00:00:00+00:00,2309078971392.39,57.4001,119801443876.0,5.188278329162512
2024-10-17 00:00:00+00:00,2320316457139.61,57.6043,119966698833.0,5.170273152347934
2024-10-18 00:00:00+00:00,2307153529591.12,57.7655,120002859304.0,5.2013382622727855
2024-10-19 00:00:00+00:00,2344156786785.66,57.7025,120087102221.0,5.122827231435534
2024-10-20 00:00:00+00:00,2347331543282.18,57.5791,120152102217.0,5.1186677297829055
2024-10-21 00:00:00+00:00,2385197146408.51,57.198,120179102217.0,5.03853957724034
2024-10-22 00:00:00+00:00,2332371897529.42,57.0998,120202666053.0,5.153666367714576
2024-10-23 00:00:00+00:00,2324261428376.11,57.3079,120190604126.0,5.171131037956151
2024-10-24 00:00:00+00:00,2291131104177.58,57.5139,120204789939.0,5.2465260377209395
2024-10-25 00:00:00+00:00,2332504889688.17,57.7814,120242344735.0,5.155073640641974
2024-10-26 00:00:00+00:00,2256518029813.26,58.3698,120284592333.0,5.330539829232132
2024-10-27 00:00:00+00:00,2280149860475.13,58.1199,120318443412.0,5.276777877526368
2024-10-28 00:00:00+00:00,2310213765382.02,58.1475,120319443409.0,5.208151955977279
2024-10-29 00:00:00+00:00,2364036805535.51,58.4768,120180277118.0,5.083688918742378
2024-10-30 00:00:00+00:00,2442274861588.49,58.874,120464260834.0,4.932461236392055
2024-10-31 00:00:00+00:00,2430682184963.43,58.85,120533635657.0,4.958839802366571
2024-11-01 00:00:00+00:00,2351531452195.02,59.0453,120482951828.0,5.123595166695987
2024-11-02 00:00:00+00:00,2331728462827.88,58.9304,120536423457.0,5.169402242953089
2024-11-03 00:00:00+00:00,2319882521470.87,59.0963,120585101455.0,5.197896890854011
2024-11-04 00:00:00+00:00,2291490609534.01,59.3318,120585101455.0,5.262299612020745
2024-11-05 00:00:00+00:00,2256274212685.71,59.4298,121509925391.0,5.385423664722168
2024-11-06 00:00:00+00:00,2309804334194.16,59.3953,121508090966.0,5.260536105470228
2024-11-07 00:00:00+00:00,2518854265967.66,59.3914,121996707673.0,4.843341249285533
2024-11-08 00:00:00+00:00,2504380105336.88,59.9458,122481730696.0,4.890700514470195
2024-11-09 00:00:00+00:00,2585834661831.96,58.5569,123428055689.0,4.773238502478584
2024-11-10 00:00:00+00:00,2633943829411.79,57.6367,123695285992.0,4.696200602714581
2024-11-11 00:00:00+00:00,2722276314514.16,58.4617,123966113535.0,4.5537667456480815
2024-11-12 00:00:00+00:00,2985151619830.18,58.7924,125803947511.0,4.214323543075402
2024-11-13 00:00:00+00:00,2942242979132.74,59.1519,126606120653.0,4.303047761552263
2024-11-14 00:00:00+00:00,2986605300921.9,59.9668,127600317350.0,4.272419837687041
2024-11-15 00:00:00+00:00,2893265721238.15,59.7018,129191525913.0,4.465249249823951
2024-11-16 00:00:00+00:00,3010795419540.48,59.8262,129191516826.0,4.29094305071441
2024-11-17 00:00:00+00:00,3037660380460.84,58.9781,129417831726.0,4.260444405123597
2024-11-18 00:00:00+00:00,3013295825375.71,58.99,129567822731.0,4.299870647942273
2024-11-19 00:00:00+00:00,3067134588352.3,58.3852,129458065433.0,4.2208146301967915
2024-11-20 00:00:00+00:00,3086246487333.64,59.2093,129942382199.0,4.2103695454106
2024-11-21 00:00:00+00:00,3106477817930.27,60.0869,131244196679.0,4.224855426987826
2024-11-22 00:00:00+00:00,3266768156800.32,59.6425,131559452114.0,4.0272050479045225
2024-11-23 00:00:00+00:00,3316915399425.73,59.0591,132873420057.0,4.005933346385768
2024-11-24 00:00:00+00:00,3334036945276.56,58.0248,134013442053.0,4.019554799560972
2024-11-25 00:00:00+00:00,3340351384919.09,58.0154,134424635741.0,4.024266319642178
2024-11-26 00:00:00+00:00,3213127046331.37,57.3123,134693131223.0,4.1919640674273255
2024-11-27 00:00:00+00:00,3172467328924.79,57.3579,134722943242.0,4.246629808088842
2024-11-28 00:00:00+00:00,3333668213375.94,56.9557,135137486676.0,4.053717347568579
2024-11-29 00:00:00+00:00,3323287594018.09,56.9642,135965852342.0,4.091305627196943
2024-11-30 00:00:00+00:00,3400297194886.94,56.7302,136271708422.0,4.007641115221137
2024-12-01 00:00:00+00:00,3411190371140.16,55.9609,134392441049.0,3.9397520052239274
2024-12-02 00:00:00+00:00,3466836003440.1,55.5257,134476541006.0,3.878941515334459
2024-12-03 00:00:00+00:00,3465724388227.53,54.7365,135012360931.0,3.8956462143848998
2024-12-04 00:00:00+00:00,3506787309735.75,54.1544,135338236018.0,3.8593226239374707
2024-12-05 00:00:00+00:00,3590416779173.57,54.4297,136045432502.0,3.7891264683013897
2024-12-06 00:00:00+00:00,3541356395514.92,54.2491,136975278080.0,3.8678761124827017
2024-12-07 00:00:00+00:00,3666504425640.29,53.9221,138038817923.0,3.764861620176388
2024-12-08 00:00:00+00:00,3651323373496.61,54.1553,138262817923.0,3.78664949060909
2024-12-09 00:00:00+00:00,3712940445460.34,53.9544,138399087923.0,3.7274793376288833
2024-12-10 00:00:00+00:00,3465642120589.85,55.6324,138643216096.0,4.000505859283676
2024-12-11 00:00:00+00:00,3438231342620.71,55.6448,138953308451.0,4.041418235257146
2024-12-12 00:00:00+00:00,3610480945066.78,55.4727,140005800450.0,3.8777604031202118
2024-12-13 00:00:00+00:00,3598529706326.72,55.0304,140404910980.0,3.9017299407907755
2024-12-14 00:00:00+00:00,3641265145505.97,55.1509,140448004125.0,3.8571210420735267
2024-12-15 00:00:00+00:00,3607060533474.7,55.6411,140568004125.0,3.8970237072675387
2024-12-16 00:00:00+00:00,3699070084343.39,55.8634,140568004125.0,3.8000903178332663
2024-12-17 00:00:00+00:00,3721464308632.09,56.4109,140758577764.0,3.782343886450951
2024-12-18 00:00:00+00:00,3702886479765.24,56.7497,140912347295.0,3.805473056358285
2024-12-19 00:00:00+00:00,3478746478546.05,56.9999,140933906305.0,4.051284196021771
2024-12-20 00:00:00+00:00,3347912807432.93,57.626,140886878527.0,4.208200351401249
2024-12-21 00:00:00+00:00,3392045025205.56,57.0626,140468513507.0,4.141115830220665
2024-12-22 00:00:00+00:00,3333161232578.76,57.7511,140177246923.0,4.205534540390335
2024-12-23 00:00:00+00:00,3275157665449.97,57.4899,140152701207.0,4.279265779644369
2024-12-24 00:00:00+00:00,3330204205477.62,56.3265,139800592088.0,4.197958547348291
2024-12-25 00:00:00+00:00,3443448784766.45,56.7261,139728411369.0,4.057804256800555
2024-12-26 00:00:00+00:00,3448687737498.91,57.0358,139732311008.0,4.051753062146995
2024-12-27 00:00:00+00:00,3315007830548.19,57.15,139746088403.0,4.215558319809179
2024-12-28 00:00:00+00:00,3283624827657.58,56.7789,139593778477.0,4.251209739347146
2024-12-29 00:00:00+00:00,3337384190449.78,56.4627,139309508042.0,4.1742124997369645
2024-12-30 00:00:00+00:00,3267393362606.53,56.6932,139257508041.0,4.262036816096999
2024-12-31 00:00:00+00:00,3247898394633.62,56.4801,138109585231.0,4.25227542398473
2025-01-01 00:00:00+00:00,3258746507343.04,56.7671,137747095441.0,4.226996335266028
2025-01-02 00:00:00+00:00,3320489672657.69,56.3047,137562831740.0,4.142847751425046
2025-01-03 00:00:00+00:00,3405927430240.98,56.3374,137562831740.0,4.038924332873029
2025-01-04 00:00:00+00:00,3495925745929.8,55.5999,137568401171.0,3.935106497361013
2025-01-05 00:00:00+00:00,3504945338235.71,55.5045,137563370385.0,3.9248363985683583
2025-01-06 00:00:00+00:00,3498617459363.75,55.6628,137563370382.0,3.9319351709579857
2025-01-07 00:00:00+00:00,3595363765063.57,56.3399,137886263996.0,3.835113023495747
2025-01-08 00:00:00+00:00,3380563758123.9,56.7933,137723427073.0,4.073978097352375
2025-01-09 00:00:00+00:00,3324489803269.58,56.6258,137943085879.0,4.1493009165898265
2025-01-10 00:00:00+00:00,3229618490789.13,56.7404,137788031415.0,4.266387246913881
2025-01-11 00:00:00+00:00,3301102095312.17,56.8241,137784795397.0,4.173902879061677
2025-01-12 00:00:00+00:00,3318364500460.98,56.4512,137748925154.0,4.151108931368577
2025-01-13 00:00:00+00:00,3300218680026.26,56.7167,137791589208.0,4.175226024928251
2025-01-14 00:00:00+00:00,3270257202523.72,57.252,137582647234.0,4.207089495218445
2025-01-15 00:00:00+00:00,3350823804176.3,57.074,137582647233.0,4.10593499609033
2025-01-16 00:00:00+00:00,3535019661394.52,56.3235,137792434596.0,3.897925550480323
2025-01-17 00:00:00+00:00,3510134503065.26,56.4343,137802584445.0,3.9258491184500914
2025-01-18 00:00:00+00:00,3655480693951.43,56.4296,138609880783.0,3.791837309176654
2025-01-19 00:00:00+00:00,3638190132866.74,56.8622,138687679683.0,3.8119964767679684
2025-01-20 00:00:00+00:00,3491688992644.81,57.3799,138700179650.0,3.9722947817566174
2025-01-21 00:00:00+00:00,3527959268473.6,57.3344,138761501548.0,3.9331945464335325
2025-01-22 00:00:00+00:00,3643530974678.86,57.7211,138851168099.0,3.810895778407327
2025-01-23 00:00:00+00:00,3575509686929.14,57.4414,139155191071.0,3.8918980300823836
2025-01-24 00:00:00+00:00,3583557277067.62,57.4712,139236520740.0,3.8854275228422046
2025-01-25 00:00:00+00:00,3588317671694.16,57.8867,139787677372.0,3.8956327215589512
2025-01-26 00:00:00+00:00,3593420557034.11,57.7389,139786746494.0,3.8900747706907803
2025-01-27 00:00:00+00:00,3512866013502.11,57.9022,139791921674.0,3.979426517740599
2025-01-28 00:00:00+00:00,3489061617847.85,57.9842,139914228538.0,4.010081903463286
2025-01-29 00:00:00+00:00,3431419006241.1,58.4987,139925628535.0,4.077777394148073
2025-01-30 00:00:00+00:00,3497403781609.53,58.7658,139982628523.0,4.002472612944309
2025-01-31 00:00:00+00:00,3568224709032.81,58.1759,140004528519.0,3.9236466292210928
2025-02-01 00:00:00+00:00,3516993057788.09,57.7038,139981016588.0,3.9801334346686765
2025-02-02 00:00:00+00:00,3404785947219.02,58.5817,139981116584.0,4.111304462423976
2025-02-03 00:00:00+00:00,3237065223245.08,59.7831,139976116582.0,4.324167322204194
2025-02-04 00:00:00+00:00,3347044150619.95,60.0624,139934356581.0,4.18083390250711
2025-02-05 00:00:00+00:00,3211896616067.22,60.3659,141281000185.0,4.398678322280197
2025-02-06 00:00:00+00:00,3170964823563.68,60.3696,141868639474.0,4.4739896961253995
2025-02-07 00:00:00+00:00,3140898658992.51,60.9692,141827071091.0,4.5154933822822905
2025-02-08 00:00:00+00:00,3137762374344.57,60.9825,142126491830.0,4.529549241589336
2025-02-09 00:00:00+00:00,3156658483674.17,60.5815,142199011789.0,4.504732219986258
2025-02-10 00:00:00+00:00,3152772812294.35,60.6678,142191510636.0,4.510046206993384
2025-02-11 00:00:00+00:00,3187922451217.23,60.593,142341381105.0,4.46502019052096
2025-02-12 00:00:00+00:00,3148688017432.79,60.2812,142266481024.0,4.518278096665598
2025-02-13 00:00:00+00:00,3234606452886.7,59.9812,142417199851.0,4.402922022365374
2025-02-14 00:00:00+00:00,3195309929461.84,59.9444,142225869513.0,4.451082137655233
2025-02-15 00:00:00+00:00,3242462500405.79,59.6132,142413856453.0,4.392151225655719
2025-02-16 00:00:00+00:00,3232035644670.51,59.8564,142412375399.0,4.406274900892012
2025-02-17 00:00:00+00:00,3191800094884.11,59.7272,142412375399.0,4.461820012702606
2025-02-18 00:00:00+00:00,3182099475264.11,59.6711,142249254877.0,4.470295664317455
2025-02-19 00:00:00+00:00,3141277235758.08,60.3199,142082304427.0,4.523074334529772
2025-02-20 00:00:00+00:00,3186823379381.67,60.118,142682643615.0,4.47726863490892
2025-02-21 00:00:00+00:00,3237095123386.73,60.2324,142843643165.0,4.41271070883927
2025-02-22 00:00:00+00:00,3157246552852.82,60.3624,142951416400.0,4.527724205473665
2025-02-23 00:00:00+00:00,3194694521035.13,59.9388,142951416393.0,4.474650563668966
2025-02-24 00:00:00+00:00,3189407296499.41,59.8519,142874416382.0,4.479654152005431
2025-02-25 00:00:00+00:00,2977207640155.26,60.9141,142812345771.0,4.796855410580379
2025-02-26 00:00:00+00:00,2926200617553.67,60.0417,142538814688.0,4.8711224320348805
2025-02-27 00:00:00+00:00,2799523154088.58,59.5722,142421483648.0,5.087347944952686
2025-02-28 00:00:00+00:00,2810724469054.45,59.7488,142614459639.0,5.073939520189847
2025-03-01 00:00:00+00:00,2794952485170.98,59.8498,142639292034.0,5.103460355436923
2025-03-02 00:00:00+00:00,2833440231117.95,60.2114,142747292027.0,5.037949643662617
2025-03-03 00:00:00+00:00,3145935962311.2,59.4301,142807791999.0,4.5394373474177305
2025-03-04 00:00:00+00:00,2822210600612.19,60.5092,142880555491.0,5.062717695837673
2025-03-05 00:00:00+00:00,2868032589798.71,60.316,142867265394.0,4.981368269738769
2025-03-06 00:00:00+00:00,2963845654848.98,60.6374,143090288607.0,4.827858980203578
2025-03-07 00:00:00+00:00,2942575723599.91,60.6268,143171664724.0,4.865521847942305
2025-03-08 00:00:00+00:00,2846132338534.98,60.4212,143230964706.0,5.032477329558287
2025-03-09 00:00:00+00:00,2833093956356.32,60.3264,143280964688.0,5.057402503949271
2025-03-10 00:00:00+00:00,2649816819071.97,60.3851,143280964686.0,5.407202628300188
2025-03-11 00:00:00+00:00,2558936833651.42,60.9068,143336937920.0,5.601425405857652
2025-03-12 00:00:00+00:00,2679998804426.44,61.3372,143558693183.0,5.3566700457436855
2025-03-13 00:00:00+00:00,2711966393587.14,61.2047,143747304639.0,5.300482519949823
2025-03-14 00:00:00+00:00,2647509050533.26,60.7605,143748815811.0,5.429587324056407
2025-03-15 00:00:00+00:00,2733771554175.94,60.9407,143836896633.0,5.261481941067228
2025-03-16 00:00:00+00:00,2760351361704.98,60.6177,143836896629.0,5.2108183988634185
2025-03-17 00:00:00+00:00,2693217623381.76,60.8226,143836896614.0,5.340708280134825
2025-03-18 00:00:00+00:00,2745435274756.97,60.737,144087751990.0,5.248266215372892
2025-03-19 00:00:00+00:00,2711707476050.95,60.5108,144100778448.0,5.314023718290346
2025-03-20 00:00:00+00:00,2842050798568.89,60.6417,144275379309.0,5.07645322109125
2025-03-21 00:00:00+00:00,2760879877591.82,60.4843,143936579287.0,5.213431430147871
2025-03-22 00:00:00+00:00,2750368289836.87,60.6251,144193856062.0,5.242710825121985
2025-03-23 00:00:00+00:00,2750136299498.24,60.4789,144224155760.0,5.24425483152648
2025-03-24 00:00:00+00:00,2805913365720.63,60.8461,144224155757.0,5.140007439964546
2025-03-25 00:00:00+00:00,2863279147575.78,60.6446,144459985751.0,5.045263779932471
2025-03-26 00:00:00+00:00,2867131763166.54,60.5263,144698008877.0,5.046786155275665
2025-03-27 00:00:00+00:00,2834782213887.99,60.8286,144876968397.0,5.1106913147411355
2025-03-28 00:00:00+00:00,2845132366870.99,60.8118,144894219396.0,5.0927057413272925
2025-03-29 00:00:00+00:00,2741206846571.8,61.0687,144508879395.0,5.271724735976246
2025-03-30 00:00:00+00:00,2675468576833.92,61.2697,144508879383.0,5.401254966485461
2025-03-31 00:00:00+00:00,2665255723028.77,61.3103,144649416568.0,5.427224686853757
2025-04-01 00:00:00+00:00,2667542682341.72,61.4073,144734849785.0,5.425774468131229
2025-04-02 00:00:00+00:00,2742142137874.53,61.6421,144756151239.0,5.27894412326862
2025-04-03 00:00:00+00:00,2644295755496.96,61.9144,144814151238.0,5.476473308137354
2025-04-04 00:00:00+00:00,2662216496096.46,61.9644,144783250273.0,5.4384476426050234
2025-04-05 00:00:00+00:00,2685795066701.58,61.9603,144778059970.0,5.390510309775856
2025-04-06 00:00:00+00:00,2674309952996.06,61.9717,144769059956.0,5.413323904127626
2025-04-07 00:00:00+00:00,2485869405665.09,62.5001,144569059955.0,5.815633742687332
2025-04-08 00:00:00+00:00,2506456117484.03,62.7009,144888658855.0,5.780618214071851
2025-04-09 00:00:00+00:00,2420957450085.37,62.5291,144700965625.0,5.977013995842737
2025-04-10 00:00:00+00:00,2626946878705.57,62.3915,145054575983.0,5.521793271071997
2025-04-11 00:00:00+00:00,2533574147525.09,62.3548,144851154191.0,5.717265244930652
2025-04-12 00:00:00+00:00,2635035024204.48,62.8249,144957254190.0,5.5011509470832465
2025-04-13 00:00:00+00:00,2710025730557.76,62.4635,145195854190.0,5.35772972753719
2025-04-14 00:00:00+00:00,2651914257272.77,62.6569,145000072564.0,5.467751159991053
2025-04-15 00:00:00+00:00,2671852379559.01,62.8196,144988134604.0,5.426502441273733
2025-04-16 00:00:00+00:00,2637947431994.9,62.9578,145230969405.0,5.505453506902209
2025-04-17 00:00:00+00:00,2645449093617.8,63.0587,145411564253.0,5.49666839569162
2025-04-18 00:00:00+00:00,2669373250053.47,63.1502,145403089797.0,5.4470872439471485
2025-04-19 00:00:00+00:00,2663370088681.14,62.9509,145035321798.0,5.445556455498802
2025-04-20 00:00:00+00:00,2689723413368.2,62.7918,145216680932.0,5.39894474689324
2025-04-21 00:00:00+00:00,2686531790539.74,62.9429,145204655279.0,5.404911112175133
2025-04-22 00:00:00+00:00,2735184068666.69,63.5284,145254984859.0,5.31061095752166
2025-04-23 00:00:00+00:00,2915705611165.02,63.634,145771856311.0,4.999539588386441
2025-04-24 00:00:00+00:00,2931025902543.43,63.4725,146144939953.0,4.986136077002292
2025-04-25 00:00:00+00:00,2940262416387.24,63.4587,146580988029.0,4.985302917591519
2025-04-26 00:00:00+00:00,2959859067146.07,63.539,146823288025.0,4.960482397784186
2025-04-27 00:00:00+00:00,2969192395640.96,63.3053,147695285561.0,4.974257841217359
2025-04-28 00:00:00+00:00,2941512672805.8,63.3001,147890535534.0,5.027703497633845
2025-04-29 00:00:00+00:00,2975175235909.15,63.4169,148611733563.0,4.995058165627257
2025-04-30 00:00:00+00:00,2950185417932.73,63.4611,148905522663.0,5.0473275936446695
2025-05-01 00:00:00+00:00,2944967064868.37,63.5229,149333119679.0,5.070790823451015
2025-05-02 00:00:00+00:00,3005742722444.4,63.7525,149440079658.0,4.971818730262744
2025-05-03 00:00:00+00:00,3016087433285.38,63.8073,149711823199.0,4.963775968388327
2025-05-04 00:00:00+00:00,2981403745766.67,63.8639,149981823181.0,5.030577404820161
2025-05-05 00:00:00+00:00,2935729267530.39,63.8009,149987023181.0,5.109020945489735
2025-05-06 00:00:00+00:00,2947183238128.65,63.849,149826223167.0,5.083709123635421
2025-05-07 00:00:00+00:00,2989982517103.93,64.3098,150106836051.0,5.020324874554522
2025-05-08 00:00:00+00:00,2993482192419.78,64.383,150181948939.0,5.01696483511066
2025-05-09 00:00:00+00:00,3228661003151.7,63.5161,150350804952.0,4.656754140655617
2025-05-10 00:00:00+00:00,3265491894823.65,62.6355,150393604947.0,4.605542129361858
2025-05-11 00:00:00+00:00,3371555312987.71,61.7123,150514671503.0,4.464250398716465
2025-05-12 00:00:00+00:00,3327829196151.48,62.1463,150615671502.0,4.525943569344901
2025-05-13 00:00:00+00:00,3315483887226.43,61.5968,150663236041.0,4.544230681423622
2025-05-14 00:00:00+00:00,3384993704659.26,61.127,150926534831.0,4.458694697814588
2025-05-15 00:00:00+00:00,3341132865123.04,61.5572,151333639504.0,4.529410999596001
2025-05-16 00:00:00+00:00,3306851935866.14,62.3222,151745623801.0,4.5888242577529965
2025-05-17 00:00:00+00:00,3296202571544.31,62.3721,151802073801.0,4.605362398278785
2025-05-18 00:00:00+00:00,3269729880656.18,62.6841,151901465555.0,4.645688515545386
2025-05-19 00:00:00+00:00,3365862234590.21,62.8405,152051465524.0,4.517459566865252
2025-05-20 00:00:00+00:00,3334929360512.02,62.9163,152286729390.0,4.5664154447523
2025-05-21 00:00:00+00:00,3361605784601.77,63.1336,152473429748.0,4.535732013742433
2025-05-22 00:00:00+00:00,3441643763241.35,63.3104,152809591181.0,4.440017668681766
2025-05-23 00:00:00+00:00,3521198923414.85,63.0212,153131132875.0,4.348835047538121
2025-05-24 00:00:00+00:00,3375353066586.07,63.1658,153333908216.0,4.542751682302864
2025-05-25 00:00:00+00:00,3394107202665.36,63.1047,153364622848.0,4.5185556522069845
2025-05-26 00:00:00+00:00,3425272030195.48,63.2434,153364622847.0,4.4774435868163005
2025-05-27 00:00:00+00:00,3429916633449.51,63.4069,153336099489.0,4.470548875550598
2025-05-28 00:00:00+00:00,3441420258700.16,62.929,153545087010.0,4.461677896555264
2025-05-29 00:00:00+00:00,3411688276306.9,62.7853,153590783310.0,4.501899671685704
2025-05-30 00:00:00+00:00,3344158837150.71,62.7573,153692315960.0,4.595843781479856
2025-05-31 00:00:00+00:00,3257644725323.91,63.4427,153658825957.0,4.716868747610947
2025-06-01 00:00:00+00:00,3275399283271.81,63.4887,153723758271.0,4.693283016092154
2025-06-02 00:00:00+00:00,3302646623160.53,63.5764,153763502089.0,4.6557661062100895
2025-06-03 00:00:00+00:00,3322372941727.33,63.3375,153918365325.0,4.632784098132479
2025-06-04 00:00:00+00:00,3313020619377.92,63.2486,154288119435.0,4.657022613519695
2025-06-05 00:00:00+00:00,3290728491343.64,63.2642,154488400144.0,4.694656534271556
2025-06-06 00:00:00+00:00,3171640219646.37,63.6527,154606717162.0,4.874661262154074
2025-06-07 00:00:00+00:00,3250773613241.06,63.825,155115000492.0,4.771633430891193
2025-06-08 00:00:00+00:00,3295079839234.35,63.7146,155407500492.0,4.716350075696822
2025-06-09 00:00:00+00:00,3301947743973.64,63.6821,155407500531.0,4.706540278071724
2025-06-10 00:00:00+00:00,3440137021406.84,63.7291,156015285591.0,4.53514742640099
2025-06-11 00:00:00+00:00,3469534860205.16,63.1665,155670088658.0,4.486771135909409
2025-06-12 00:00:00+00:00,3417060495421.26,63.2249,156031051481.0,4.566236146245467
2025-06-13 00:00:00+00:00,3316178396809.45,63.4355,156034350481.0,4.705245973230006
2025-06-14 00:00:00+00:00,3303513358182.01,63.8481,156311510783.0,4.731674851438209
2025-06-15 00:00:00+00:00,3275383864728.55,64.0106,156288710782.0,4.7716150911353585
2025-06-16 00:00:00+00:00,3287463042469.71,63.8318,156262534400.0,4.7532864212097
2025-06-17 00:00:00+00:00,3315140978188.43,64.0365,156350343711.0,4.716250221021918
2025-06-18 00:00:00+00:00,3250011514831.32,63.9744,156397425951.0,4.812211441014456
2025-06-19 00:00:00+00:00,3257429809184.11,64.019,156493925950.0,4.804214829396343
2025-06-20 00:00:00+00:00,3252118162853.55,63.9933,156674248726.0,4.81760627629001
2025-06-21 00:00:00+00:00,3193619333281.39,64.3162,156688688065.0,4.906304468792309
2025-06-22 00:00:00+00:00,3138352601451.89,64.7368,156600188057.0,4.9898850748814
2025-06-23 00:00:00+00:00,3092059833701.08,64.9398,156750556577.0,5.069454182889322
2025-06-24 00:00:00+00:00,3251422984478.75,64.5104,155908804295.0,4.795094487529263
2025-06-25 00:00:00+00:00,3272564487406.99,64.4476,157394434423.0,4.809513610156882
2025-06-26 00:00:00+00:00,3288731370968.22,64.9175,157917318269.0,4.801770058297839
2025-06-27 00:00:00+00:00,3266323067177.36,65.1177,158266828122.0,4.845412559228826
2025-06-28 00:00:00+00:00,3278624909730.19,64.9492,158303889518.0,4.828362312754691
2025-06-29 00:00:00+00:00,3297877117822.64,64.7124,158444090587.0,4.804426754736382
2025-06-30 00:00:00+00:00,3340390617686.81,64.5198,158520790585.0,4.745576452815396
2025-07-01 00:00:00+00:00,3309726866995.0,64.3824,158754090584.0,4.796591893038521
2025-07-02 00:00:00+00:00,3249064580818.2,64.6941,158695019985.0,4.884329505849232
2025-07-03 00:00:00+00:00,3359230686524.17,64.4382,159155198929.0,4.737846661363989
2025-07-04 00:00:00+00:00,3383128377207.79,64.4485,159305664246.0,4.708827052477398
2025-07-05 00:00:00+00:00,3322183505343.47,64.6629,159478756035.0,4.800419837690813
2025-07-06 00:00:00+00:00,3329243611099.58,64.6551,159478756029.0,4.790239906064653
2025-07-07 00:00:00+00:00,3368903740745.58,64.486,159463829126.0,4.733404139671521
2025-07-08 00:00:00+00:00,3340490469840.17,64.4749,159520682149.0,4.7753670782552025
2025-07-09 00:00:00+00:00,3372141459977.23,64.2632,159455682148.0,4.728617824623428
2025-07-10 00:00:00+00:00,3462715757240.17,63.9403,159695616477.0,4.611860391459896
2025-07-11 00:00:00+00:00,3613640884854.91,63.8418,159994836080.0,4.427524515525396
2025-07-12 00:00:00+00:00,3665570910840.58,63.7757,160150055260.0,4.369034432982086
2025-07-13 00:00:00+00:00,3659383301005.78,63.8392,160394357834.0,4.383098042501196
2025-07-14 00:00:00+00:00,3716211159114.99,63.7605,160394357833.0,4.316072229630721
2025-07-15 00:00:00+00:00,3745815779140.9,63.6484,160545757830.0,4.2860024970801165
2025-07-16 00:00:00+00:00,3725825731262.98,62.8844,160669087149.0,4.312308163015891
2025-07-17 00:00:00+00:00,3797747452611.02,62.1934,162039387242.0,4.2667236108761
2025-07-18 00:00:00+00:00,3864463609209.33,61.3959,161470084202.0,4.178331083703407
2025-07-19 00:00:00+00:00,3846761518959.17,61.0259,161983579210.0,4.210907757386229
2025-07-20 00:00:00+00:00,3859940982598.73,60.7821,162359770647.0,4.206275986574547
2025-07-21 00:00:00+00:00,3891487437183.71,59.9782,162531584793.0,4.1765928174401346
2025-07-22 00:00:00+00:00,3914541031797.71,59.6801,162855465485.0,4.16026972669668
2025-07-23 00:00:00+00:00,3975636632856.58,60.0532,163023658144.0,4.100567360625813
2025-07-24 00:00:00+00:00,3872291607259.01,61.0286,163208856646.0,4.214787345561686
2025-07-25 00:00:00+00:00,3860448257469.04,61.006,163910480196.0,4.245892426582136
2025-07-26 00:00:00+00:00,3863480415856.83,60.5837,163908480684.0,4.242508387289156
2025-07-27 00:00:00+00:00,3877931493684.97,60.5204,164437379973.0,4.24033741289083
2025-07-28 00:00:00+00:00,3948544615623.41,60.1961,164437379970.0,4.16450606431955
2025-07-29 00:00:00+00:00,3873826505516.51,60.6019,164259732060.0,4.240244931622169
2025-07-30 00:00:00+00:00,3868437749046.61,60.6566,164371766732.0,4.249047739556104
2025-07-31 00:00:00+00:00,3857231591412.11,60.7898,164580462391.0,4.2668027182352315
2025-08-01 00:00:00+00:00,3780087321041.26,60.9352,164686013950.0,4.356672213186751
2025-08-02 00:00:00+00:00,3681223544371.78,61.2459,164764742593.0,4.475814647141131
2025-08-03 00:00:00+00:00,3627818740391.8,61.728,164758535749.0,4.5415316348249055
2025-08-04 00:00:00+00:00,3703975645932.46,61.3709,164734535747.0,4.447505909708236
2025-08-05 00:00:00+00:00,3776771547549.3,60.6389,164723091665.0,4.361478834267505
2025-08-06 00:00:00+00:00,3720352203083.95,61.0555,164748993280.0,4.428317113187104
2025-08-07 00:00:00+00:00,3759963070600.88,60.886,164521910565.0,4.375625703651067
2025-08-08 00:00:00+00:00,3884377153423.13,60.2129,165186565785.0,4.252588233854388
2025-08-09 00:00:00+00:00,3888254278468.31,59.7298,165053491593.0,4.24492535138466
2025-08-10 00:00:00+00:00,3927105101686.92,59.0473,165260481580.0,4.20820113800904
2025-08-11 00:00:00+00:00,3980340328098.71,59.6591,164561420921.0,4.134355541391761
2025-08-12 00:00:00+00:00,3943808853058.7,59.9163,164867620918.0,4.180416117026909
2025-08-13 00:00:00+00:00,4060031322321.97,58.9044,164578283964.0,4.053621041275025
2025-08-14 00:00:00+00:00,4172149391652.69,58.8472,165087257083.0,3.9568874837821886
2025-08-15 00:00:00+00:00,4004132426774.25,58.8495,166150657095.0,4.149479572254103
2025-08-16 00:00:00+00:00,3963573258872.9,58.9661,166328383729.0,4.196425116065545
2025-08-17 00:00:00+00:00,3973562525362.8,58.8529,166328383729.0,4.185875588149042
2025-08-18 00:00:00+00:00,3988427090708.63,58.631,167006860890.0,4.18728629336252
2025-08-19 00:00:00+00:00,3923496984498.12,58.9897,167167996960.0,4.26068880951067
2025-08-20 00:00:00+00:00,3786913651750.15,59.3228,167271227574.0,4.417085863489239
2025-08-21 00:00:00+00:00,3884119772887.84,58.5738,167271227574.0,4.3065414393653985
2025-08-22 00:00:00+00:00,3810520784548.13,58.7533,166921867399.0,4.380552602570161
2025-08-23 00:00:00+00:00,4040858970682.4,57.5895,166921867399.0,4.1308511039377125
2025-08-24 00:00:00+00:00,3997638084457.27,57.4676,167101537709.0,4.180006648392888
2025-08-25 00:00:00+00:00,3952051896250.28,57.1651,167221537708.0,4.231258649884136
2025-08-26 00:00:00+00:00,3779490353606.92,58.0185,167238333460.0,4.424891131165283
2025-08-27 00:00:00+00:00,3875088960828.19,57.4464,167217333459.0,4.315186958269522
2025-08-28 00:00:00+00:00,3849439690642.03,57.5426,167383925958.0,4.348267265101192
2025-08-29 00:00:00+00:00,3897230544082.87,57.5132,168429502725.0,4.321774162955922
2025-08-30 00:00:00+00:00,3763781119268.45,57.3532,167600371918.0,4.452978709627401
2025-08-31 00:00:00+00:00,3777244254407.55,57.3714,168005950273.0,4.447844485485921
2025-09-01 00:00:00+00:00,3758950865270.84,57.3442,167960422397.0,4.468279273049187
2025-09-02 00:00:00+00:00,3762088070214.27,57.8286,167981863668.0,4.465123105383138
2025-09-03 00:00:00+00:00,3830057403802.4,57.8243,166871763653.0,4.356899807489393
2025-09-04 00:00:00+00:00,3862052276812.46,57.6162,168285427737.0,4.357409368779807
2025-09-05 00:00:00+00:00,3800304306576.44,58.0284,170586184029.0,4.488750643831338
2025-09-06 00:00:00+00:00,3809690437352.44,57.8475,168825084008.0,4.431464623811421
2025-09-07 00:00:00+00:00,3794143819617.98,57.8583,168825084007.0,4.449622682568697
2025-09-08 00:00:00+00:00,3836663835419.05,57.7037,168825084004.0,4.400309520095354
2025-09-09 00:00:00+00:00,3877964626711.72,57.5593,168877363164.0,4.354793800870685
2025-09-10 00:00:00+00:00,3870761701942.21,57.3952,169048563162.0,4.367320341037203
2025-09-11 00:00:00+00:00,3942094066374.19,57.5844,169411163153.0,4.297491645317812
2025-09-12 00:00:00+00:00,4001901923620.56,57.4948,169513361626.0,4.23581998912756
2025-09-13 00:00:00+00:00,4070516921201.28,56.8154,170102454965.0,4.178890746750657
2025-09-14 00:00:00+00:00,4071141488937.63,56.7359,170364871683.0,4.184695426231844
2025-09-15 00:00:00+00:00,4032044654711.0,57.0097,170178989121.0,4.220662311419706
2025-09-16 00:00:00+00:00,4006446451887.87,57.3892,170624947838.0,4.258760222730548
2025-09-17 00:00:00+00:00,4046883226054.64,57.5188,170903775343.0,4.223096289082113
2025-09-18 00:00:00+00:00,4077209274237.12,56.9077,171220679162.0,4.199457708582712
2025-09-19 00:00:00+00:00,4097611382320.37,56.9472,171395619409.0,4.182817827686313
2025-09-20 00:00:00+00:00,4027179557845.82,57.2351,172019220193.0,4.271456430540059
2025-09-21 00:00:00+00:00,4040165764283.03,57.0694,172279220193.0,4.264162171662102
2025-09-22 00:00:00+00:00,4019479262530.72,57.1508,171971462933.0,4.278451304279758
2025-09-23 00:00:00+00:00,3892285391346.74,57.7248,172687580334.0,4.436662859252714
2025-09-24 00:00:00+00:00,3866807940007.29,57.719,173008506231.0,4.474194449664698
2025-09-25 00:00:00+00:00,3900714237081.73,57.8942,173336087144.0,4.443701245689795
2025-09-26 00:00:00+00:00,3724052157508.57,58.3411,173404033837.0,4.656326670596609
2025-09-27 00:00:00+00:00,3785100578979.93,57.754,174168318428.0,4.601418503783529
2025-09-28 00:00:00+00:00,3783381657744.54,57.771,174376743851.0,4.609018059123185
2025-09-29 00:00:00+00:00,3868622810249.71,57.7738,174335617850.0,4.506399987822722
2025-09-30 00:00:00+00:00,3927591899491.65,58.0413,174592531943.0,4.445281903285257
2025-10-01 00:00:00+00:00,3899878206959.86,58.2793,174875230173.0,4.484120295370032
2025-10-02 00:00:00+00:00,4054434829623.38,58.313,175465763402.0,4.327749014979214
2025-10-03 00:00:00+00:00,4147788703177.12,57.9579,176151363391.0,4.246874081509304
2025-10-04 00:00:00+00:00,4198276257821.33,58.0396,176615965939.0,4.206868607323468
2025-10-05 00:00:00+00:00,4176964075761.32,58.4075,176994189391.0,4.237388356248669
2025-10-06 00:00:00+00:00,4203977685865.46,58.5459,176876946043.0,4.207371191281356
2025-10-07 00:00:00+00:00,4276096147344.24,58.1387,177383766513.0,4.148264220465855
2025-10-08 00:00:00+00:00,4156729862708.31,58.225,177877724056.0,4.279270723166602
2025-10-09 00:00:00+00:00,4219881862458.85,58.2586,178046224055.0,4.2192229512144594
2025-10-10 00:00:00+00:00,4140370931751.28,58.5943,177415123608.0,4.285005535312209
2025-10-11 00:00:00+00:00,3749317655375.35,60.1327,179046344878.0,4.7754381286233105
2025-10-12 00:00:00+00:00,3691252258730.43,59.8352,179864638049.0,4.872726799518781
2025-10-13 00:00:00+00:00,3902591403361.21,58.8017,179989018048.0,4.612038500699297
2025-10-14 00:00:00+00:00,3939084414401.06,58.3302,180122114669.0,4.572689887286604
2025-10-15 00:00:00+00:00,3847725242515.07,58.5948,180573124485.0,4.69298385679348
2025-10-16 00:00:00+00:00,3752771974745.55,58.8506,181293478152.0,4.8309217658845975
2025-10-17 00:00:00+00:00,3664296743180.6,58.8603,181413378149.0,4.950837523915535
2025-10-18 00:00:00+00:00,3599873305696.44,58.9681,181627031669.0,5.045372885251083
2025-10-19 00:00:00+00:00,3637138018596.93,58.7614,181833031406.0,4.999343727850731
2025-10-20 00:00:00+00:00,3678341634508.39,58.8992,181834571467.0,4.943384533973614
2025-10-21 00:00:00+00:00,3738741078709.74,58.9732,182026317119.0,4.868652663741514
2025-10-22 00:00:00+00:00,3660221077917.81,59.0672,182533617116.0,4.986956067141111
2025-10-23 00:00:00+00:00,3623935438825.19,59.2247,182467850715.0,5.035074542446941
2025-10-24 00:00:00+00:00,3703709473490.72,59.268,182725366353.0,4.933577205794779
2025-10-25 00:00:00+00:00,3744347471368.37,59.1298,183034945595.0,4.888300217717507
2025-10-26 00:00:00+00:00,3767718805606.62,59.086,183030712256.0,4.857865506938521
2025-10-27 00:00:00+00:00,3873674588309.92,58.9506,183132999190.0,4.7276299290256265
2025-10-28 00:00:00+00:00,3851991443223.37,59.0789,183191016851.0,4.755748281146353
2025-10-29 00:00:00+00:00,3795223610355.91,59.3306,183418916842.0,4.832888274132529
2025-10-30 00:00:00+00:00,3727456158702.79,58.8832,183364985897.0,4.9193063067658915
2025-10-31 00:00:00+00:00,3644635239380.09,59.2555,183363406166.0,5.031049587206098
2025-11-01 00:00:00+00:00,3687696202680.25,59.2483,183417069851.0,4.97375759200801
2025-11-02 00:00:00+00:00,3707325180562.38,59.2036,183477069850.0,4.949041719134214
2025-11-03 00:00:00+00:00,3723628148439.64,59.2448,183567064850.0,4.929790449857956
2025-11-04 00:00:00+00:00,3534206605351.27,60.1276,183562064846.0,5.193869101145984
2025-11-05 00:00:00+00:00,3368737767516.78,60.1201,183334272915.0,5.442224523464242
2025-11-06 00:00:00+00:00,3458865996569.55,59.907,183524336772.0,5.305910577455635
2025-11-07 00:00:00+00:00,3371986733027.51,59.9145,183421456118.0,5.439566363694338
2025-11-08 00:00:00+00:00,3475899478372.93,59.2964,183636808748.0,5.283144978460667
2025-11-09 00:00:00+00:00,3441080584438.74,59.2883,183443867184.0,5.330995967184556
2025-11-10 00:00:00+00:00,3527376685155.67,59.2195,183443867160.0,5.200574918238546
2025-11-11 00:00:00+00:00,3567270051349.99,59.2666,183471337794.0,5.14318611018999
2025-11-12 00:00:00+00:00,3454136912294.99,59.491,183558450276.0,5.314162551652895
2025-11-13 00:00:00+00:00,3423467037517.58,59.24,184167697723.0,5.379566845677692
2025-11-14 00:00:00+00:00,3346329391947.81,59.4296,184038597717.0,5.499715543838796
2025-11-15 00:00:00+00:00,3203271709223.11,58.8293,183997701199.0,5.744055387784291
2025-11-16 00:00:00+00:00,3241911688566.6,58.7952,184021451196.0,5.676325232577955
2025-11-17 00:00:00+00:00,3195192164876.78,58.8049,184013950770.0,5.759088695596383
2025-11-18 00:00:00+00:00,3126931383746.27,58.7592,184004050756.0,5.884492755819637
2025-11-19 00:00:00+00:00,3177409320943.4,58.3588,183859084400.0,5.786446309832397
2025-11-20 00:00:00+00:00,3113320924061.28,58.611,183868329147.0,5.905858523160104
2025-11-21 00:00:00+00:00,2965135089214.47,58.2184,184757890184.0,6.2310108856776045
2025-11-22 00:00:00+00:00,2904895832898.94,58.4373,184556081188.0,6.353277081327295
2025-11-23 00:00:00+00:00,2894335861303.77,58.3639,184563479971.0,6.376712614404824
2025-11-24 00:00:00+00:00,2955026694506.42,58.6059,184373921964.0,6.239331858042525
2025-11-25 00:00:00+00:00,3031240619876.72,58.1036,184520644518.0,6.0872978313910435
2025-11-26 00:00:00+00:00,3013140717682.51,57.8378,184507212685.0,6.123418385415123
2025-11-27 00:00:00+00:00,3099796507303.76,58.2653,184539966838.0,5.95329294691396
2025-11-28 00:00:00+00:00,3110368201688.38,58.5707,184540266673.0,5.93306819986223
2025-11-29 00:00:00+00:00,3097354048626.7,58.5733,184590594407.0,5.959622035745105
2025-11-30 00:00:00+00:00,3086627556076.25,58.7277,184578594365.0,5.979943838758377
2025-12-01 00:00:00+00:00,3071711460766.56,58.7201,184578594363.0,6.008982182100448
2025-12-02 00:00:00+00:00,2931539712013.4,58.7584,184559976578.0,6.295666943267947
2025-12-03 00:00:00+00:00,3093030885993.87,58.9377,184661571286.0,5.970246599288759
2025-12-04 00:00:00+00:00,3181627825841.59,58.6235,185275678813.0,5.823298291150434
2025-12-05 00:00:00+00:00,3130735049271.67,58.7347,185489666066.0,5.924796035012674
2025-12-06 00:00:00+00:00,3041893784254.5,58.6388,185671557706.0,6.103814625845128
2025-12-07 00:00:00+00:00,3043695850628.64,58.5287,185605589591.0,6.09803340082963
2025-12-08 00:00:00+00:00,3067794380088.19,58.8308,185620700098.0,6.050623904352545
2025-12-09 00:00:00+00:00,3088492345273.68,58.5777,185694296048.0,6.012457707145299
2025-12-10 00:00:00+00:00,3165260348352.59,58.4563,186165611819.0,5.8815260462190055
2025-12-11 00:00:00+00:00,3141462062831.25,58.47,186085477252.0,5.923530939739888
2025-12-12 00:00:00+00:00,3138717203208.4,58.8375,186124222838.0,5.92994560477585
2025-12-13 00:00:00+00:00,3064936086159.75,58.7909,186227170549.0,6.0760539637332425
2025-12-14 00:00:00+00:00,3075544208039.34,58.5981,186224670549.0,6.055015241277194
2025-12-15 00:00:00+00:00,3010235906439.55,58.4691,186224670548.0,6.186381278278718
2025-12-16 00:00:00+00:00,2950968811410.86,58.464,186314670545.0,6.313678064795367
2025-12-17 00:00:00+00:00,2982808459352.01,58.7923,186299880874.0,6.2457875995990735
2025-12-18 00:00:00+00:00,2908913333027.86,59.1378,186293380860.0,6.404225892357164
2025-12-19 00:00:00+00:00,2879542664557.9,59.2564,186248060817.0,6.467973651142096
2025-12-20 00:00:00+00:00,2981811194912.08,58.9865,186367744185.0,6.250152407469754
2025-12-21 00:00:00+00:00,2990613320545.69,58.976,186797744183.0,6.2461349616711885
2025-12-22 00:00:00+00:00,2997407400024.44,59.0295,186797744182.0,6.231977147333289
2025-12-23 00:00:00+00:00,2994312469900.24,59.0177,186880324181.0,6.241176432305549
2025-12-24 00:00:00+00:00,2957176632218.16,59.0224,187100147046.0,6.326985848851961
2025-12-25 00:00:00+00:00,2957884186914.29,59.1383,186863540033.0,6.317473174226571
2025-12-26 00:00:00+00:00,2934700277588.46,59.3462,186861373315.0,6.367306901560324
2025-12-27 00:00:00+00:00,2947572443450.84,59.1404,186852272294.0,6.339191856307512
2025-12-28 00:00:00+00:00,2973923395929.38,58.9539,186800272292.0,6.281273840062148
2025-12-29 00:00:00+00:00,2976710235974.97,58.9301,186800272291.0,6.275393218776526
2025-12-30 00:00:00+00:00,2951927310595.86,58.9435,187303272279.0,6.345118038871762
2025-12-31 00:00:00+00:00,2988937415573.34,59.0733,187311388515.0,6.266822033109376
2026-01-01 00:00:00+00:00,2962686913811.92,58.9858,187261227273.0,6.320655294354465
2026-01-02 00:00:00+00:00,3004534871630.71,58.9757,187074832375.0,6.226415747122456
2026-01-03 00:00:00+00:00,3069214747084.34,58.5264,187214832372.0,6.0997632228194
2026-01-04 00:00:00+00:00,3089360589368.91,58.5689,187083832372.0,6.055746066541789
2026-01-05 00:00:00+00:00,3121302203496.37,58.5183,187083832369.0,5.993775039130638
2026-01-06 00:00:00+00:00,3208060885996.93,58.4391,187293532611.0,5.83821627041212
2026-01-07 00:00:00+00:00,3214487569219.65,58.229,187067881365.0,5.819524180347434
2026-01-08 00:00:00+00:00,3126397327476.89,58.3237,187068870349.0,5.983528347625955
2026-01-09 00:00:00+00:00,3106463656563.03,58.5242,186177870330.0,5.993241541283181
2026-01-10 00:00:00+00:00,3089606517552.13,58.5158,186939883564.0,6.050604907194168
2026-01-11 00:00:00+00:00,3087244401681.41,58.4788,187045563563.0,6.058657470109238
2026-01-12 00:00:00+00:00,3102959243476.82,58.4756,186939883553.0,6.024567803975944
2026-01-13 00:00:00+00:00,3103751137437.92,58.6883,186906829735.0,6.021965726584883
2026-01-14 00:00:00+00:00,3247757333484.21,58.6414,186821887714.0,5.752335181815341
2026-01-15 00:00:00+00:00,3283479128666.19,58.9718,186790391342.0,5.688794842983446
2026-01-16 00:00:00+00:00,3231735580943.48,59.0676,186679205004.0,5.776438088090749
2026-01-17 00:00:00+00:00,3230505135067.08,59.0675,186660995531.0,5.778074565020744
2026-01-18 00:00:00+00:00,3224199088328.39,58.9283,186660995511.0,5.789375606075733
2026-01-19 00:00:00+00:00,3173322436541.21,58.9582,186964415062.0,5.8917560002438165
2026-01-20 00:00:00+00:00,3130750940939.45,59.0704,186972526151.0,5.972130318833181
2026-01-21 00:00:00+00:00,2983907165594.0,59.1367,186985577484.0,6.266467658244896
2026-01-22 00:00:00+00:00,3022772747468.19,59.0726,186886791640.0,6.182627913280362
2026-01-23 00:00:00+00:00,3018034650925.23,59.2235,186891791639.0,6.1924998635024
2026-01-24 00:00:00+00:00,3019706207536.56,59.2154,186870822577.0,6.188377601457029
2026-01-25 00:00:00+00:00,3010541590050.43,59.1336,186870822575.0,6.2072161099714185
2026-01-26 00:00:00+00:00,2919003314601.78,59.2585,186855914873.0,6.401360147084708
2026-01-27 00:00:00+00:00,2984538775089.33,59.0879,186508591426.0,6.249159601567503
2026-01-28 00:00:00+00:00,3022867412017.49,58.9068,186398204268.0,6.166271253809179
2026-01-29 00:00:00+00:00,3020556483515.94,58.9858,186303395123.0,6.167850068016014
2026-01-30 00:00:00+00:00,2875687027669.77,58.7564,185817215159.0,6.461663365000176
2026-01-31 00:00:00+00:00,2841155122820.61,59.1663,185577215258.0,6.531752306215675
2026-02-01 00:00:00+00:00,2660524317026.48,59.0654,185342539535.0,6.966391487154196
2026-02-02 00:00:00+00:00,2590179375124.41,59.353,185398845864.0,7.1577608734180815
2026-02-03 00:00:00+00:00,2648043207932.09,59.3776,185300658701.0,6.997644832453659
2026-02-04 00:00:00+00:00,2559559718481.03,59.0594,185161878190.0,7.234130028420836
2026-02-05 00:00:00+00:00,2479257387783.53,58.868,185685527539.0,7.4895623364463955
2026-02-06 00:00:00+00:00,2165376390515.56,57.9165,185261468141.0,8.555624276336115
2026-02-07 00:00:00+00:00,2400781264841.82,58.7204,183583056218.0,7.646804767534528
2026-02-08 00:00:00+00:00,2374499382435.29,58.3231,183456556217.0,7.726115137113521
2026-02-09 00:00:00+00:00,2390772306664.45,58.7483,184542486578.0,7.7189486453216185
2026-02-10 00:00:00+00:00,2389099143159.16,58.6644,184487425874.0,7.722049811212442
2026-02-11 00:00:00+00:00,2342019545304.21,58.7084,184363356800.0,7.87198198963163
2026-02-12 00:00:00+00:00,2287353016865.78,58.5552,183990423483.0,8.043814056087891
2026-02-13 00:00:00+00:00,2275136543637.08,58.1676,183916921483.0,8.083775103404854
2026-02-14 00:00:00+00:00,2355867536230.18,58.4235,183786298904.0,7.801215309333213
2026-02-15 00:00:00+00:00,2400255908414.88,58.0978,183781798903.0,7.656758525567751
2026-02-16 00:00:00+00:00,2351359325805.8,58.4728,183747148903.0,7.81450741647199
2026-02-17 00:00:00+00:00,2361037352302.79,58.2925,183721226771.0,7.78137739294176
2026-02-18 00:00:00+00:00,2328042922228.27,57.9461,183710926769.0,7.891217340321302
2026-02-19 00:00:00+00:00,2290230419094.46,57.9903,183711211231.0,8.021516512021442
2026-02-20 00:00:00+00:00,2299600581997.44,58.2124,183708077229.0,7.988695022395177
2026-02-21 00:00:00+00:00,2332894416878.06,58.2733,182601277225.0,7.827241383232499
2026-02-22 00:00:00+00:00,2333014242991.92,58.2659,182621277216.0,7.827696627423997
2026-02-23 00:00:00+00:00,2314274534973.84,58.4373,183593577216.0,7.933094126971212
2026-02-24 00:00:00+00:00,2225518171446.21,58.0576,183600237166.0,8.249774794994863
2026-02-25 00:00:00+00:00,2213549044343.99,57.8675,183623080164.0,8.29541503194562
2026-02-26 00:00:00+00:00,2346452096651.67,57.9181,183657380162.0,7.827024486205135
2026-02-27 00:00:00+00:00,2326893457092.33,57.9748,183449012069.0,7.883859551448334
2026-02-28 00:00:00+00:00,2271948950710.83,57.9767,183566910286.0,8.079711044060518
2026-03-01 00:00:00+00:00,2304037439470.58,58.1458,183481912039.0,7.963495249502557
2026-03-02 00:00:00+00:00,2270028628658.73,57.9156,183603207038.0,8.08814500046565
2026-03-03 00:00:00+00:00,2353233659996.14,58.4597,183647207037.0,7.804036214461646
2026-03-04 00:00:00+00:00,2333680512743.56,58.5303,183682010410.0,7.870915037725395
2026-03-05 00:00:00+00:00,2455986104085.64,59.1958,183867859980.0,7.486518741866161
2026-03-06 00:00:00+00:00,2406044730645.46,58.8972,184001159386.0,7.647453808418547
2026-03-07 00:00:00+00:00,2328054756450.63,58.5263,183939734587.0,7.9010055101726175
2026-03-08 00:00:00+00:00,2304947749107.55,58.3604,183939734585.0,7.98021276865037
2026-03-09 00:00:00+00:00,2270115604214.35,58.1218,183878877627.0,8.099978577550788
2026-03-10 00:00:00+00:00,2337499887152.53,58.544,184094103543.0,7.875683954246422
2026-03-11 00:00:00+00:00,2380086793505.14,58.776,183859471310.0,7.724906159377122
2026-03-12 00:00:00+00:00,2392060343614.59,58.7023,183929240437.0,7.689155540243127
2026-03-13 00:00:00+00:00,2402712055027.06,58.6906,183959859223.0,7.656342291957586
2026-03-14 00:00:00+00:00,2416336264579.12,58.7378,183981656765.0,7.614075054948782
2026-03-15 00:00:00+00:00,2423903250372.04,58.7661,184001656763.0,7.5911304106200586
2026-03-16 00:00:00+00:00,2475733149082.16,58.826,184001656762.0,7.432208791574156
2026-03-17 00:00:00+00:00,2556327401344.12,58.5796,184040242955.0,7.199400313834269
2026-03-18 00:00:00+00:00,2528135919069.45,58.4988,184061441677.0,7.280520018272944
2026-03-19 00:00:00+00:00,2444340754170.12,58.3076,183294383734.0,7.498724693817511
2026-03-20 00:00:00+00:00,2402862731735.62,58.2034,184152626358.0,7.663884579248689
2026-03-21 00:00:00+00:00,2417008969944.12,58.362,184151626357.0,7.618988123211536
2026-03-22 00:00:00+00:00,2367252863106.9,58.1525,184200486118.0,7.781191818952799
2026-03-23 00:00:00+00:00,2337308374320.64,58.0662,184154286014.0,7.878904129093625
2026-03-24 00:00:00+00:00,2426522821630.58,58.4511,184152675122.0,7.589159000707552
2026-03-25 00:00:00+00:00,2417642258268.2,58.349,184197857195.0,7.618904598687159
2026-03-26 00:00:00+00:00,2441585324140.87,58.4225,184185892777.0,7.543700846981875
2026-03-27 00:00:00+00:00,2358801733778.56,58.3307,184184487538.0,7.808392070449907
2026-03-28 00:00:00+00:00,2290037061438.48,57.9639,184166309525.0,8.04206676940488
2026-03-29 00:00:00+00:00,2291589340168.25,57.9106,184166309523.0,8.036619227312272
2026-03-30 00:00:00+00:00,2279499711125.01,57.8964,184166309516.0,8.079242502957271
2026-03-31 00:00:00+00:00,2301333098946.08,58.003,184191337488.0,8.003680022346717
2026-04-01 00:00:00+00:00,2345871850149.12,58.1975,184192097658.0,7.851754461621228
2026-04-02 00:00:00+00:00,2348541924002.81,58.0117,184132980772.0,7.840310572704926
2026-04-03 00:00:00+00:00,2303738300226.11,58.1008,183931424483.0,7.984041610322983
2026-04-04 00:00:00+00:00,2306147704170.02,58.084,184133813594.0,7.984476157405085
2026-04-05 00:00:00+00:00,2318250643816.9,58.0873,184120813592.0,7.942230667899352
2026-04-06 00:00:00+00:00,2360161314748.85,58.4894,184120813591.0,7.8011961487722585
2026-04-07 00:00:00+00:00,2353816237677.66,58.5454,184075498313.0,7.820300300698663
2026-04-08 00:00:00+00:00,2452418042126.31,58.7047,184587298322.0,7.526746873952943
2026-04-09 00:00:00+00:00,2417860235358.74,58.8573,184080515963.0,7.613364630056369
2026-04-10 00:00:00+00:00,2435400628513.6,58.9868,184119405073.0,7.56012801004218
2026-04-11 00:00:00+00:00,2469200620759.58,59.1501,184252225449.0,7.462019242175631
2026-04-12 00:00:00+00:00,2476315972549.09,59.0471,184342225447.0,7.444212592032039
2026-04-13 00:00:00+00:00,2408226487937.34,58.8005,184405652445.0,7.6573218245325645
2026-04-14 00:00:00+00:00,2522246699219.07,59.0885,184717963773.0,7.323548637418846
2026-04-15 00:00:00+00:00,2509003792463.73,59.1771,185446684215.0,7.391247664591994
2026-04-16 00:00:00+00:00,2531413658600.72,59.1553,185453084206.0,7.326067929510667
2026-04-17 00:00:00+00:00,2555696804792.52,58.8656,185778133795.0,7.269177370595105
2026-04-18 00:00:00+00:00,2609181803991.12,59.1738,186581469848.0,7.15095703804912
2026-04-19 00:00:00+00:00,2553835239177.74,59.3544,186841469847.0,7.316112918355588
2026-04-20 00:00:00+00:00,2494934725428.5,59.2437,187191969805.0,7.5028804520266625
2026-04-21 00:00:00+00:00,2549700499846.87,59.5635,187885312105.0,7.368916942059823
2026-04-22 00:00:00+00:00,2564248543217.03,59.6048,188752981910.0,7.360947222112727
2026-04-23 00:00:00+00:00,2610474995048.88,59.9697,188775276509.0,7.231453159560537
2026-04-24 00:00:00+00:00,2607747464829.18,60.0894,189634641748.0,7.271971090207615
2026-04-25 00:00:00+00:00,2588159839378.11,59.9157,189637493986.0,7.327116783929643
2026-04-26 00:00:00+00:00,2590201307560.45,59.9978,189763953903.0,7.326224156752005
2026-04-27 00:00:00+00:00,2623120725227.89,60.0425,189733953885.0,7.233138454522195
2026-04-28 00:00:00+00:00,2580083139361.93,60.0384,189702264419.0,7.352564013340846
2026-04-29 00:00:00+00:00,2553807030321.88,59.8556,189662863914.0,7.426671696886003
2026-04-30 00:00:00+00:00,2535273210987.7,59.8359,189569482834.0,7.477280239952794
2026-05-01 00:00:00+00:00,2544943244677.18,60.0353,189543857677.0,7.447861875640499
2026-05-02 00:00:00+00:00,2593241053229.18,60.3784,189557557704.0,7.309677496735498
2026-05-03 00:00:00+00:00,2606994034907.71,60.4187,189557557526.0,7.271115890094874
2026-05-04 00:00:00+00:00,2605472227794.47,60.3608,189557557525.0,7.275362811503092
2026-05-05 00:00:00+00:00,2638846176828.43,60.5702,189543901543.0,7.182832527616617
2026-05-06 00:00:00+00:00,2676466285954.24,60.5409,189543501975.0,7.08185651243584
2026-05-07 00:00:00+00:00,2697883510640.86,60.4407,189620415595.0,7.028487881226467
2026-05-08 00:00:00+00:00,2655783201562.67,60.3362,189684479477.0,7.142317918322141
2026-05-09 00:00:00+00:00,2675049580817.23,60.0308,189660928647.0,7.089996761445387
2026-05-10 00:00:00+00:00,2685463231291.39,60.1535,189660928627.0,7.062503273813045
2026-05-11 00:00:00+00:00,2734766909991.24,60.1625,189660928627.0,6.9351771053719355
2026-05-12 00:00:00+00:00,2720943662604.91,60.1544,189799527727.0,6.975503768618803
2026-05-13 00:00:00+00:00,2679082987828.19,60.1625,189785942690.0,7.083988945181978
2026-05-14 00:00:00+00:00,2646588235842.2,59.998,189826819800.0,7.172510526164003
2026-05-15 00:00:00+00:00,2695026436853.4,60.2425,189827241530.0,7.043613336559115
2026-05-16 00:00:00+00:00,2632157588765.3,60.1658,189793911824.0,7.210583159385569
2026-05-17 00:00:00+00:00,2599699928514.64,60.1942,189778611129.0,7.30001986180888
2026-05-18 00:00:00+00:00,2573828230574.09,60.2516,189785611120.0,7.373670428568907
2026-05-19 00:00:00+00:00,2564248072727.97,60.114,189825799111.0,7.402786069331202
2026-05-20 00:00:00+00:00,2553453440138.83,60.2126,190433722531.0,7.457888972537765
2026-05-21 00:00:00+00:00,2579317177822.19,60.1647,189811692787.0,7.358989984599909
2026-05-22 00:00:00+00:00,2589823180309.06,59.9798,189822193050.0,7.329542591681773
2026-05-23 00:00:00+00:00,2525702422897.51,59.8595,189689589981.0,7.510369719778243
2026-05-24 00:00:00+00:00,2563132063824.95,59.9206,189690479084.0,7.400729824312126
2026-05-25 00:00:00+00:00,2566624473248.23,60.0834,189602479076.0,7.3872310130373595
2026-05-26 00:00:00+00:00,2579108875863.71,60.0261,189603164022.0,7.351499031172322
2026-05-27 00:00:00+00:00,2537380279586.97,59.8726,189551916392.0,7.470378717645543
2026-05-28 00:00:00+00:00,2494110418135.96,59.7148,189403226522.0,7.594019300218294
2026-05-29 00:00:00+00:00,2471704057218.53,59.6052,188928726319.0,7.643662912120887
2026-05-30 00:00:00+00:00,2471692542303.36,59.476,188445050162.0,7.624129900330923
2026-05-31 00:00:00+00:00,2492142106415.57,59.298,188445050151.0,7.561569208508706
2026-06-01 00:00:00+00:00,2488888162967.24,59.2305,188208550099.0,7.561952879177129
2026-06-02 00:00:00+00:00,2437223359354.95,58.6363,188213328258.0,7.7224488898634895
2026-06-03 00:00:00+00:00,2300212605026.85,58.0881,188073122085.0,8.176336468811092
2026-06-04 00:00:00+00:00,2237946263880.01,57.3313,187494033381.0,8.377950641939663
2026-06-05 00:00:00+00:00,2207931253100.38,57.9126,187198022473.0,8.47843528688388
2026-06-06 00:00:00+00:00,2100508271053.51,58.1748,187293022469.0,8.916557247121107
2026-06-07 00:00:00+00:00,2095567529990.77,58.2034,186928730081.0,8.920195956740336
2026-06-08 00:00:00+00:00,2177252270206.05,58.2393,186928730080.0,8.585533823432849
2026-06-09 00:00:00+00:00,2175066240501.42,58.1216,186923648138.0,8.593928987418256
2026-06-10 00:00:00+00:00,2128413723824.95,58.0509,186919022158.0,8.782081230997223
2026-06-11 00:00:00+00:00,2112501235963.05,58.2979,186901301278.0,8.847393700709253
2026-06-12 00:00:00+00:00,2178294183422.07,58.4698,186874601278.0,8.578942307251749
2026-06-13 00:00:00+00:00,2174442338532.04,58.5673,186554027088.0,8.57939637129868
2026-06-14 00:00:00+00:00,2200815491046.22,58.6627,186545971088.0,8.47622037589894
2026-06-15 00:00:00+00:00,2241187979870.29,58.7646,186518471084.0,8.322303740661454
2026-06-16 00:00:00+00:00,2269630890145.72,58.5397,186490011079.0,8.216755063067833
2026-06-17 00:00:00+00:00,2250755772515.81,58.4218,186583466515.0,8.289813972417097
2026-06-18 00:00:00+00:00,2217319048570.16,58.2482,186553322590.0,8.41346321857917
2026-06-19 00:00:00+00:00,2170175971581.07,58.0882,186440788208.0,8.591044719390638
2026-06-20 00:00:00+00:00,2182306409683.16,58.336,186406006279.0,8.541697236093603
2026-06-21 00:00:00+00:00,2203420325058.28,58.4439,186406006277.0,8.459847817373184
2026-06-22 00:00:00+00:00,2174113833422.87,58.3109,186406006277.0,8.573884375848301
2026-06-23 00:00:00+00:00,2191469060792.05,58.5006,186304747882.0,8.50136336465845
2026-06-24 00:00:00+00:00,2149493762557.07,58.4409,186305867760.0,8.667430024936092
2026-06-25 00:00:00+00:00,2101491533289.17,58.1805,186326767609.0,8.866405819745028
2026-06-26 00:00:00+00:00,2061313583586.17,58.0728,186327691674.0,9.03926957827719
2026-06-27 00:00:00+00:00,2074477539876.74,58.0008,185162740804.0,8.925752978506669
2026-06-28 00:00:00+00:00,2066972131670.31,58.1403,185162740804.0,8.958163391122786
2026-06-29 00:00:00+00:00,2056614417810.17,58.0148,185142740797.0,9.002306858965582
2026-06-30 00:00:00+00:00,2082772399709.04,57.8966,184960273387.0,8.880484176419788
2026-07-01 00:00:00+00:00,2036206647825.95,57.6599,184637556560.0,9.06772192091293
2026-07-02 00:00:00+00:00,2076307352175.69,57.9257,184630761247.0,8.89226544680545
2026-07-03 00:00:00+00:00,2127835586044.13,57.9463,184259156627.0,8.65946400349273
2026-07-04 00:00:00+00:00,2168569171832.98,57.8341,184252716069.0,8.496510900469024
2026-07-05 00:00:00+00:00,2184368324496.01,57.9143,184253816068.0,8.43510748630326
2026-07-06 00:00:00+00:00,2195935631140.2,58.0507,184303816067.0,8.392951662763611
2026-07-07 00:00:00+00:00,2204416762718.81,58.2153,184334235438.0,8.362041087487103
2026-07-08 00:00:00+00:00,2179916907548.42,58.2362,183120936383.0,8.400363139939202
2026-07-09 00:00:00+00:00,2148328128617.33,58.1037,183409285255.0,8.537303162019422
2026-07-10 00:00:00+00:00,2168542296512.62,58.4364,184276553999.0,8.497715460535291
2026-07-11 00:00:00+00:00,2198784426682.84,58.4887,184279015269.0,8.380949629837495
2026-07-12 00:00:00+00:00,2187494805535.63,58.4779,184279015269.0,8.424203559371536
2026-07-13 00:00:00+00:00,2188905257109.58,58.4112,184270015266.0,8.418364141960447
2026-07-14 00:00:00+00:00,2145725536452.29,58.1836,184360015264.0,8.591966313120272
2026-07-15 00:00:00+00:00,2227221406425.37,58.504,184321163972.0,8.275834788595645
2026-07-16 00:00:00+00:00,2224231971711.84,58.358,184203563971.0,8.281670541280416
2026-07-17 00:00:00+00:00,2189890178869.41,58.4248,184174124548.0,8.410199119806313
2026-07-18 00:00:00+00:00,2190100017808.23,58.516,184192729802.0,8.410242833856199
2026-07-19 00:00:00+00:00,2210993825835.68,58.7837,184192729801.0,8.3307663571327
2026-07-20 00:00:00+00:00,2210330338918.87,58.6991,184192729800.0,8.333267048675333
2026-07-21 00:00:00+00:00,2228584113143.08,58.7049,184188776753.0,8.264833966407023
2026-07-22 00:00:00+00:00,2260726763304.86,59.0128,184268776752.0,8.150864568994855
2026-07-23 00:00:00+00:00,2249444152930.26,58.9378,183200347298.0,8.144249638709738
2026-07-24 00:00:00+00:00,2213593514170.65,58.9473,184126250265.0,8.317979298651187
2026-07-25 00:00:00+00:00,2189384863154.65,58.729,184451250259.0,8.424797913018688
2026-07-26 00:00:00+00:00,2198245001275.96,58.6907,184451500248.0,8.390852709362973
2026-07-27 00:00:00+00:00,2234188500853.61,58.6687,184096055246.0,8.239951784536666
2026-07-28 00:00:00+00:00,2179895478247.53,58.6387,184110200248.0,8.445826971300963
2026-07-29 00:00:00+00:00,2187980138918.93,58.5583,184024280730.0,8.410692467296595
2026-07-30 00:00:00+00:00,2185802659760.39,58.6576,184085363942.0,8.42186567575042
2026-07-31 00:00:00+00:00,2208333746605.97,58.8041,183453533910.0,8.307328282781224
2026-08-01 00:00:00+00:00,2158015614152.83,58.405,183516712264.0,8.50395664704414
2026-08-02 00:00:00+00:00,2151457146704.73,58.5326,183410513830.0,8.52494385542003
2026-08-03 00:00:00+00:00,2177813849402.85,58.4967,183389013965.0,8.420784632960467
2026-08-04 00:00:00+00:00,2175044023350.59,58.5446,183213347594.0,8.423431692741802
2026-08-05 00:00:00+00:00,2187400966805.18,58.7589,183223939641.0,8.376330742351673
2026-08-06 00:00:00+00:00,2203137459872.73,58.837,183523746636.0,8.33010876437105
2026-08-07 00:00:00+00:00,2191762645954.66,58.832,183475699331.0,8.371148202093936
2026-08-08 00:00:00+00:00,2205704741782.01,59.0299,183215274331.0,8.306427912150138
2026-08-09 00:00:00+00:00,2212982790487.54,58.859,183215274329.0,8.279109766083451
2026-08-10 00:00:00+00:00,2209110214352.71,58.9086,183215271475.0,8.293622938531557
2026-08-11 00:00:00+00:00,2184693636814.3,58.7087,182132111450.0,8.336734651526854
2026-08-12 00:00:00+00:00,2181407795520.4,58.4654,183147832500.0,8.395854863822377
2026-08-13 00:00:00+00:00,2174554408162.22,58.5199,183147832499.0,8.422315478129775
2026-08-14 00:00:00+00:00,2177100579987.46,58.4552,183125703998.0,8.411448955613011
2026-08-15 00:00:00+00:00,2165534001825.11,58.3664,183207603991.0,8.460158272121001
2026-08-16 00:00:00+00:00,2165138172013.77,58.423,183124065071.0,8.4578465909489
2026-08-17 00:00:00+00:00,2159514650390.48,58.3911,183124065071.0,8.479871393226613
2026-08-18 00:00:00+00:00,2201511834559.71,58.803,183097065066.0,8.3168785282782
2026-08-19 00:00:00+00:00,2203962909346.67,58.9047,183056965049.0,8.305809697281354
2026-08-20 00:00:00+00:00,2364508331743.73,58.8085,183069204367.0,7.742379331435631
2026-08-21 00:00:00+00:00,2472393584187.12,59.2811,183074599308.0,7.4047514311194
2026-08-22 00:00:00+00:00,2643696285782.71,59.4697,183174913325.0,6.928742696734093
2026-08-23 00:00:00+00:00,2609667616064.64,59.2835,183226913311.0,7.02108238547654
2026-08-24 00:00:00+00:00,2637043367523.56,59.1695,183226913301.0,6.948194920020138
2026-08-25 00:00:00+00:00,2659998927961.78,59.5987,183132163298.0,6.884670567830821
2026-08-26 00:00:00+00:00,2635832470046.66,59.8131,183190163297.0,6.949992663750634
2026-08-27 00:00:00+00:00,2663974182820.06,59.5586,183332350535.0,6.881911683578178
2026-08-28 00:00:00+00:00,2698660408289.1,59.7101,183320988878.0,6.793036586408515
2026-08-29 00:00:00+00:00,2623597407442.26,59.561,183380798491.0,6.989669907845259
2026-08-30 00:00:00+00:00,2639481300947.54,59.5129,183380798390.0,6.9476074077194125
2026-08-31 00:00:00+00:00,2612725888857.46,59.6967,183495688127.0,7.023151143009583
2026-09-01 00:00:00+00:00,2641368826434.4,59.7082,183348170617.0,6.941407378707609
2026-09-02 00:00:00+00:00,2606650234319.52,59.6186,183348870617.0,7.033888482735552
2026-09-03 00:00:00+00:00,2605423437342.62,59.5756,183353669043.0,7.037384649844482
2026-09-04 00:00:00+00:00,2726005455192.26,59.8634,183349918194.0,6.725955659581345
2026-09-05 00:00:00+00:00,2682396418745.22,59.6421,183361716342.0,6.8357426613242165
2026-09-06 00:00:00+00:00,2703716390983.96,59.2871,183380072603.0,6.782518803174571
2026-09-07 00:00:00+00:00,2727160755507.33,59.1639,183380072592.0,6.72421206640186
2026-09-08 00:00:00+00:00,2690822024270.6,59.0344,183407913663.0,6.816055168595414
2026-09-09 00:00:00+00:00,2680380621424.72,58.7704,183429526760.0,6.843413405313329
2026-09-10 00:00:00+00:00,2662448580841.18,59.0414,183430176663.0,6.889529359663602
2026-09-11 00:00:00+00:00,2607500479503.08,58.9556,183517372469.0,7.038057093817812
2026-09-12 00:00:00+00:00,2639633952246.94,58.727,183486504332.0,6.951210192451514
2026-09-13 00:00:00+00:00,2642899974481.19,58.718,183538325610.0,6.944580853690052
2026-09-14 00:00:00+00:00,2619116411023.31,58.906,183400325578.0,7.002373961161353
2026-09-15 00:00:00+00:00,2663136461882.13,58.9546,183400530614.0,6.8866366120940175
2026-09-16 00:00:00+00:00,2574912528011.32,58.9692,183411921136.0,7.12303502121893
2026-09-17 00:00:00+00:00,2599743602397.51,58.8313,183388563874.0,7.0541019393172935
2026-09-18 00:00:00+00:00,2620653325625.07,58.5394,183381945739.0,6.997565986537357
2026-09-19 00:00:00+00:00,2765338474194.78,58.7544,183353983075.0,6.630435470594231
2026-09-20 00:00:00+00:00,2776633020352.49,58.7637,183353983070.0,6.603464762034827
2026-09-21 00:00:00+00:00,2781989675851.02,58.596,183353983062.0,6.590749946112269
2026-09-22 00:00:00+00:00,2935248974870.06,59.2663,183533051217.0,6.252725161930252
2026-09-23 00:00:00+00:00,2935071902114.96,58.9871,183439450077.0,6.249913330737037
2026-09-24 00:00:00+00:00,2864511750857.13,59.172,183512050048.0,6.40639892620754
2026-09-25 00:00:00+00:00,2879361743577.49,58.87,183748349256.0,6.381565277994565
2026-09-26 00:00:00+00:00,2885776385722.52,58.5176,183788149251.0,6.3687592067181065
2026-09-27 00:00:00+00:00,2894051174767.06,58.603,183788149247.0,6.350549390744377
2026-09-28 00:00:00+00:00,2898215440592.96,58.5443,183788149245.0,6.341424680540585
2026-09-29 00:00:00+00:00,2864390978151.81,58.5627,183843576172.0,6.418243095103635
2026-09-30 00:00:00+00:00,2861178489804.26,58.7193,183839917293.0,6.425321522166795
2026-10-01 00:00:00+00:00,2863596223601.9,58.6257,183840017418.0,6.419900120791527
2026-10-02 00:00:00+00:00,2890523936573.14,58.9816,184027047404.0,6.366563690255172
2026-10-03 00:00:00+00:00,2874882410458.82,59.0606,184055597381.0,6.40219567629639
2026-10-04 00:00:00+00:00,2891044095137.66,58.9048,184055597378.0,6.366405745507524
2026-10-05 00:00:00+00:00,2938096262310.51,59.1546,184057628760.0,6.264520026830491
2026-10-06 00:00:00+00:00,2923309526303.64,58.9546,184177628757.0,6.300312269357335
2026-10-07 00:00:00+00:00,2912995426544.6,59.0147,184202516777.0,6.323474286930184
2026-10-08 00:00:00+00:00,2831676126235.16,59.0986,184348177493.8789,6.51021406671172
